<?xml version="1.0" encoding="UTF-8" ?>
<!DOCTYPE log4j:configuration SYSTEM "log4j.dtd">

<log4j:configuration>
	<appender name="consoleAppender" class="org.apache.log4j.ConsoleAppender">
		<layout class="org.apache.log4j.PatternLayout">
			<param name="ConversionPattern" value="%d{dd MMM yyyy HH:mm:ss} %5p %c{1} - %m%n" />
		</layout>
		<filter class="org.apache.log4j.varia.LevelRangeFilter">
			<param name="LevelMin" value="DEBUG" />
			<param name="LevelMax" value="FATAL" />
		</filter>
	</appender>

	<appender name="RollingFile" class="org.apache.log4j.RollingFileAppender">
		<param name="File" value="email-sender/logs/log-monitor.log" />
		<param name="Append" value="true" />
		<param name="MaxFileSize" value="10MB" />
		<param name="MaxBackupIndex" value="5" />
		<layout class="org.apache.log4j.PatternLayout">
			<param name="ConversionPattern" value="[%d{yyyy-MMM-dd HH:mm:ss.SSS}] [%p] [%t] [%x] [%C-%M(%L)] - %m %n" />
		</layout>
		<filter class="org.apache.log4j.varia.LevelRangeFilter">
			<param name="LevelMin" value="DEBUG" />
			<param name="LevelMax" value="FATAL" />
		</filter>
	</appender>

	<root>
		<priority value="DEBUG" />
		<appender-ref ref="consoleAppender" />
		<appender-ref ref="RollingFile" />
	</root>
</log4j:configuration>
