Login,VerifyPin,RetrieveIndividualCustAndAcctBasicDetails,RetrieveIndividualCustBySCVID,RetrieveCASAAcctDetails,RetrieveIndividualCustAndAcctBasicDetails,RetrieveIndividualCustAcctList
Change Pin,UpdatePin,,,,,
Lang Pref,UpdateHelloMoneyCustomer,,,,,
Bal Enq Main Acc,RetrieveIndividualCustAndAcctBasicDetails,RetrieveIndividualCustAcctList,RetrieveCASAAcctDetails,RetrieveCASAAcctTransactionActivity,,
Mini Statement Main Acc,RetrieveIndividualCustAndAcctBasicDetails,RetrieveIndividualCustAcctList,RetrieveCASAAcctDetails,RetrieveIndividualCustAndAcctBasicDetails,RetrieveIndividualCustAcctList,RetrieveCASAAcctTransactionActivity
External Bank Account Fund Tx,RetrieveIndividualCustBySCVID,MakeDomesticFundTransfer,,,,
Oth Barc Fund Tx Registered,RetrieveIndividualCustBySCVID,MakeDomesticFundTransfer,,,,
View Billers,RetrieveIndividualCustAndAcctBasicDetails,RetrieveIndividualCustAcctList,RetrieveIndividualCustBeneficiaryList,,,
Utility Bill Payment,,,,,,
Register Billers,AddOrganizationBeneficiary,,,,,
Delete Beneficiary,RetrieveIndividualBeneficiaryDetails,DeleteIndividualCustBeneficiary,,,,
Register Beneficiary,AddIndividualBeneficiary,,,,,
View Lst Paid Bills,SearchFundsTransferHistory,,,,,
Statement Request,,,,,,
Cheque Book Request,RetrieveIndividualCustAndAcctBasicDetails,RetrieveIndividualCustAcctList,AddCheckBookRequest,,,
verify User,RetrieveIndividualCustAndAcctBasicDetails,RetrieveCustomerQuestionnaire,,,,,