[2014-Apr-17 09:58:00.512,DEBUG,MB1809285441 GHBRB 233121117534], RetrieveIndividualCustAndAcctBasicDetails,Success,1575ms. 
[2014-Apr-17 09:58:01.199,DEBUG,MB1809285441 GHBRB 233121117534], RetrieveCustomerQuestionnaire,Success,598ms. 
[2014-Apr-17 09:58:11.009,DEBUG,MB1809285441 GHBRB 233121117534], VerifyPin,Success,1732ms. 
[2014-Apr-17 09:58:12.178,DEBUG,MB1809285441 GHBRB 233121117534], RetrieveIndividualCustAndAcctBasicDetails,Success,1101ms. 
[2014-Apr-17 09:58:13.012,DEBUG,MB1809285441 GHBRB 233121117534], RetrieveIndividualCustBySCVID,Success,742ms. 
[2014-Apr-17 09:58:19.152,WARN,MB1809285441 GHBRB 233121117534], RetrieveCASAAcctDetails,Success,5414ms. 
[2014-Apr-17 09:58:20.362,DEBUG,MB1809285441 GHBRB 233121117534], RetrieveIndividualCustAndAcctBasicDetails,Success,1102ms. 
[2014-Apr-17 09:58:21.369,DEBUG,MB1809285441 GHBRB 233121117534], RetrieveIndividualCustAcctList,Success,892ms. 
[2014-Apr-17 09:58:21.969,DEBUG,MB1809285441 GHBRB 233121117534], RetrieveCASAAcctDetails,Success,583ms. 
[2014-Apr-17 09:58:46.552,DEBUG,MB1809285441 GHBRB 233121117534], RetrieveIndividualCustAndAcctBasicDetails,Success,1487ms. 
[2014-Apr-17 09:58:47.512,DEBUG,MB1809285441 GHBRB 233121117534], RetrieveIndividualCustAcctList,Success,949ms. 
[2014-Apr-17 09:59:36.269,DEBUG,MB1809285441 GHBRB 233121117534], RetrieveIndividualCustAndAcctBasicDetails,Success,1545ms. 
[2014-Apr-17 09:59:37.392,DEBUG,MB1809285441 GHBRB 233121117534], RetrieveIndividualCustAcctList,Success,1110ms. 
[2014-Apr-17 09:59:39.070,DEBUG,MB1809285441 GHBRB 233121117534], AddCheckBookRequest,Error,496ms. 
[2014-Apr-17 10:10:40.650,DEBUG,MB497081031 TZBRB 255180002250], RetrieveIndividualCustAndAcctBasicDetails,Success,1814ms. 
[2014-Apr-17 10:10:41.206,DEBUG,MB497081031 TZBRB 255180002250], RetrieveCustomerQuestionnaire,Success,542ms. 
[2014-Apr-17 10:10:44.369,DEBUG,MB497081031 TZBRB 255180002250], VerifyPin,Error,577ms. 
[2014-Apr-17 10:10:46.076,DEBUG,MB497081031 TZBRB 255180002250], RetrieveIndividualCustAndAcctBasicDetails,Success,996ms. 
[2014-Apr-17 10:10:46.501,DEBUG,MB497081031 TZBRB 255180002250], RetrieveCustomerQuestionnaire,Success,411ms. 
[2014-Apr-17 10:10:58.120,DEBUG,MB497081031 TZBRB 255180002250], VerifyPin,Success,1683ms. 
[2014-Apr-17 10:10:59.346,DEBUG,MB497081031 TZBRB 255180002250], RetrieveIndividualCustAndAcctBasicDetails,Success,1192ms. 
[2014-Apr-17 10:11:00.020,DEBUG,MB497081031 TZBRB 255180002250], RetrieveIndividualCustBySCVID,Success,662ms. 
[2014-Apr-17 10:11:00.414,DEBUG,MB497081031 TZBRB 255180002250], RetrieveCASAAcctDetails,Success,384ms. 
[2014-Apr-17 10:11:01.646,DEBUG,MB497081031 TZBRB 255180002250], RetrieveIndividualCustAndAcctBasicDetails,Success,1184ms. 
[2014-Apr-17 10:11:02.543,DEBUG,MB497081031 TZBRB 255180002250], RetrieveIndividualCustAcctList,Success,885ms. 
[2014-Apr-17 10:11:03.215,DEBUG,MB497081031 TZBRB 255180002250], RetrieveCASAAcctDetails,Success,349ms. 
[2014-Apr-17 10:15:50.997,DEBUG,MB-2026569275 TZBRB 255180002250], RetrieveIndividualCustAndAcctBasicDetails,Success,1785ms. 
[2014-Apr-17 10:15:51.659,DEBUG,MB-2026569275 TZBRB 255180002250], RetrieveCustomerQuestionnaire,Success,652ms. 
[2014-Apr-17 10:15:58.655,DEBUG,MB-2026569275 TZBRB 255180002250], VerifyPin,Success,1800ms. 
[2014-Apr-17 10:15:59.824,DEBUG,MB-2026569275 TZBRB 255180002250], RetrieveIndividualCustAndAcctBasicDetails,Success,1136ms. 
[2014-Apr-17 10:16:00.461,DEBUG,MB-2026569275 TZBRB 255180002250], RetrieveIndividualCustBySCVID,Success,627ms. 
[2014-Apr-17 10:16:00.981,DEBUG,MB-2026569275 TZBRB 255180002250], RetrieveCASAAcctDetails,Success,510ms. 
[2014-Apr-17 10:16:02.115,DEBUG,MB-2026569275 TZBRB 255180002250], RetrieveIndividualCustAndAcctBasicDetails,Success,1103ms. 
[2014-Apr-17 10:16:02.898,DEBUG,MB-2026569275 TZBRB 255180002250], RetrieveIndividualCustAcctList,Success,772ms. 
[2014-Apr-17 10:16:03.257,DEBUG,MB-2026569275 TZBRB 255180002250], RetrieveCASAAcctDetails,Success,347ms. 
[2014-Apr-17 10:16:17.641,DEBUG,MB-2026569275 TZBRB 255180002250], RetrieveIndividualCustAndAcctBasicDetails,Success,1392ms. 
[2014-Apr-17 10:16:18.621,DEBUG,MB-2026569275 TZBRB 255180002250], RetrieveIndividualCustAcctList,Success,971ms. 
[2014-Apr-17 10:16:28.138,DEBUG,MB-2026569275 TZBRB 255180002250], RetrieveIndividualCustAndAcctBasicDetails,Success,1660ms. 
[2014-Apr-17 10:16:29.082,DEBUG,MB-2026569275 TZBRB 255180002250], RetrieveIndividualCustAcctList,Success,935ms. 
[2014-Apr-17 10:16:30.287,DEBUG,MB-2026569275 TZBRB 255180002250], AddCheckBookRequest,Success,417ms. 
[2014-Apr-17 11:36:39.071,DEBUG,MB9266901 TZBRB 255180002250], RetrieveIndividualCustAndAcctBasicDetails,Success,1675ms. 
[2014-Apr-17 11:36:40.118,DEBUG,MB9266901 TZBRB 255180002250], RetrieveCustomerQuestionnaire,Success,672ms. 
[2014-Apr-17 11:36:42.858,DEBUG,MB9266901 TZBRB 255180002250], VerifyPin,Error,694ms. 
[2014-Apr-17 11:36:44.837,DEBUG,MB9266901 TZBRB 255180002250], RetrieveIndividualCustAndAcctBasicDetails,Success,1185ms. 
[2014-Apr-17 11:36:45.257,DEBUG,MB9266901 TZBRB 255180002250], RetrieveCustomerQuestionnaire,Success,411ms. 
[2014-Apr-17 11:36:57.303,DEBUG,MB9266901 TZBRB 255180002250], VerifyPin,Success,1713ms. 
[2014-Apr-17 11:36:58.579,DEBUG,MB9266901 TZBRB 255180002250], RetrieveIndividualCustAndAcctBasicDetails,Success,1244ms. 
[2014-Apr-17 11:36:59.225,DEBUG,MB9266901 TZBRB 255180002250], RetrieveIndividualCustBySCVID,Success,638ms. 
[2014-Apr-17 11:36:59.946,DEBUG,MB9266901 TZBRB 255180002250], RetrieveCASAAcctDetails,Success,711ms. 
[2014-Apr-17 11:37:01.293,DEBUG,MB9266901 TZBRB 255180002250], RetrieveIndividualCustAndAcctBasicDetails,Success,1327ms. 
[2014-Apr-17 11:37:02.089,DEBUG,MB9266901 TZBRB 255180002250], RetrieveIndividualCustAcctList,Success,784ms. 
[2014-Apr-17 11:37:02.563,DEBUG,MB9266901 TZBRB 255180002250], RetrieveCASAAcctDetails,Success,461ms. 
[2014-Apr-17 11:37:31.487,DEBUG,MB9266901 TZBRB 255180002250], RetrieveIndividualCustAndAcctBasicDetails,Success,1634ms. 
[2014-Apr-17 11:37:32.500,DEBUG,MB9266901 TZBRB 255180002250], RetrieveIndividualCustAcctList,Success,1002ms. 
[2014-Apr-17 11:37:33.133,DEBUG,MB9266901 TZBRB 255180002250], RetrieveCASAAcctDetails,Success,618ms. 
[2014-Apr-17 11:37:35.227,DEBUG,MB9266901 TZBRB 255180002250], RetrieveCASAAcctTransactionActivity,Success,1182ms. 
[2014-Apr-17 11:37:52.655,DEBUG,MB9266901 TZBRB 255180002250], RetrieveIndividualCustAndAcctBasicDetails,Success,1463ms. 
[2014-Apr-17 11:37:53.574,DEBUG,MB9266901 TZBRB 255180002250], RetrieveIndividualCustAcctList,Success,909ms. 
[2014-Apr-17 11:37:57.832,DEBUG,MB9266901 TZBRB 255180002250], RetrieveIndividualCustAndAcctBasicDetails,Success,1027ms. 
[2014-Apr-17 11:37:58.729,DEBUG,MB9266901 TZBRB 255180002250], RetrieveIndividualCustAcctList,Success,888ms. 
[2014-Apr-17 11:38:03.333,DEBUG,MB9266901 TZBRB 255180002250], RetrieveIndividualCustAndAcctBasicDetails,Success,1284ms. 
[2014-Apr-17 11:38:04.097,DEBUG,MB9266901 TZBRB 255180002250], RetrieveIndividualCustAcctList,Success,754ms. 
[2014-Apr-17 11:38:04.875,DEBUG,MB9266901 TZBRB 255180002250], AddCheckBookRequest,Success,447ms. 
[2014-Apr-17 11:39:14.471,DEBUG,MB-1123938626 TZBRB 255180002250], RetrieveIndividualCustAndAcctBasicDetails,Success,1540ms. 
[2014-Apr-17 11:39:15.103,DEBUG,MB-1123938626 TZBRB 255180002250], RetrieveCustomerQuestionnaire,Success,622ms. 
[2014-Apr-17 11:39:18.011,DEBUG,MB-1123938626 TZBRB 255180002250], VerifyPin,Error,584ms. 
[2014-Apr-17 11:39:19.906,DEBUG,MB-1123938626 TZBRB 255180002250], RetrieveIndividualCustAndAcctBasicDetails,Success,1154ms. 
[2014-Apr-17 11:39:20.303,DEBUG,MB-1123938626 TZBRB 255180002250], RetrieveCustomerQuestionnaire,Success,386ms. 
[2014-Apr-17 11:39:32.368,DEBUG,MB-1123938626 TZBRB 255180002250], VerifyPin,Success,1603ms. 
[2014-Apr-17 11:39:33.589,DEBUG,MB-1123938626 TZBRB 255180002250], RetrieveIndividualCustAndAcctBasicDetails,Success,1175ms. 
[2014-Apr-17 11:39:34.227,DEBUG,MB-1123938626 TZBRB 255180002250], RetrieveIndividualCustBySCVID,Success,629ms. 
[2014-Apr-17 11:39:34.593,DEBUG,MB-1123938626 TZBRB 255180002250], RetrieveCASAAcctDetails,Success,356ms. 
[2014-Apr-17 11:39:36.065,DEBUG,MB-1123938626 TZBRB 255180002250], RetrieveIndividualCustAndAcctBasicDetails,Success,1446ms. 
[2014-Apr-17 11:39:36.908,DEBUG,MB-1123938626 TZBRB 255180002250], RetrieveIndividualCustAcctList,Success,833ms. 
[2014-Apr-17 11:39:37.259,DEBUG,MB-1123938626 TZBRB 255180002250], RetrieveCASAAcctDetails,Success,340ms. 
[2014-Apr-17 11:40:04.764,DEBUG,MB-1123938626 TZBRB 255180002250], RetrieveIndividualCustAndAcctBasicDetails,Success,1527ms. 
[2014-Apr-17 11:40:05.731,DEBUG,MB-1123938626 TZBRB 255180002250], RetrieveIndividualCustAcctList,Success,957ms. 
[2014-Apr-17 11:40:07.078,DEBUG,MB-1123938626 TZBRB 255180002250], RetrieveCASAAcctDetails,Success,862ms. 
[2014-Apr-17 11:40:08.328,DEBUG,MB-1123938626 TZBRB 255180002250], RetrieveIndividualCustAndAcctBasicDetails,Success,1190ms. 
[2014-Apr-17 11:40:09.139,DEBUG,MB-1123938626 TZBRB 255180002250], RetrieveIndividualCustAcctList,Success,797ms. 
[2014-Apr-17 11:40:10.978,DEBUG,MB-1123938626 TZBRB 255180002250], RetrieveCASAAcctTransactionActivity,Success,1809ms. 
[2014-Apr-17 11:40:27.660,DEBUG,MB-1123938626 TZBRB 255180002250], RetrieveIndividualCustAndAcctBasicDetails,Success,2982ms. 
[2014-Apr-17 11:40:30.569,DEBUG,MB-1123938626 TZBRB 255180002250], RetrieveIndividualCustAcctList,Success,2897ms. 
[2014-Apr-17 11:40:33.981,DEBUG,MB-1123938626 TZBRB 255180002250], RetrieveCASAAcctDetails,Success,3401ms. 
[2014-Apr-17 11:40:38.976,DEBUG,MB-1123938626 TZBRB 255180002250], RetrieveIndividualCustAndAcctBasicDetails,Success,4958ms. 
[2014-Apr-17 11:40:42.078,DEBUG,MB-1123938626 TZBRB 255180002250], RetrieveIndividualCustAcctList,Success,3093ms. 
[2014-Apr-17 11:40:44.455,DEBUG,MB-1123938626 TZBRB 255180002250], RetrieveCASAAcctTransactionActivity,Success,2359ms. 
[2014-Apr-17 11:41:01.963,DEBUG,MB-1123938626 TZBRB 255180002250], RetrieveIndividualCustAndAcctBasicDetails,Success,1313ms. 
[2014-Apr-17 11:41:02.888,DEBUG,MB-1123938626 TZBRB 255180002250], RetrieveIndividualCustAcctList,Success,914ms. 
[2014-Apr-17 11:41:03.417,DEBUG,MB-1123938626 TZBRB 255180002250], RetrieveCASAAcctDetails,Success,518ms. 
[2014-Apr-17 11:41:04.927,DEBUG,MB-1123938626 TZBRB 255180002250], RetrieveIndividualCustAndAcctBasicDetails,Success,1479ms. 
[2014-Apr-17 11:41:06.028,DEBUG,MB-1123938626 TZBRB 255180002250], RetrieveIndividualCustAcctList,Success,1088ms. 
[2014-Apr-17 11:41:07.649,DEBUG,MB-1123938626 TZBRB 255180002250], RetrieveCASAAcctTransactionActivity,Success,1608ms. 
[2014-Apr-17 11:41:24.968,DEBUG,MB-1123938626 TZBRB 255180002250], RetrieveIndividualCustAndAcctBasicDetails,Success,1207ms. 
[2014-Apr-17 11:41:26.204,DEBUG,MB-1123938626 TZBRB 255180002250], RetrieveIndividualCustAcctList,Success,809ms. 
[2014-Apr-17 11:41:26.751,DEBUG,MB-1123938626 TZBRB 255180002250], RetrieveCASAAcctDetails,Success,535ms. 
[2014-Apr-17 11:41:27.955,DEBUG,MB-1123938626 TZBRB 255180002250], RetrieveIndividualCustAndAcctBasicDetails,Success,1172ms. 
[2014-Apr-17 11:41:28.852,DEBUG,MB-1123938626 TZBRB 255180002250], RetrieveIndividualCustAcctList,Success,887ms. 
[2014-Apr-17 11:41:30.669,DEBUG,MB-1123938626 TZBRB 255180002250], RetrieveCASAAcctTransactionActivity,Success,1804ms. 
[2014-Apr-17 11:41:55.846,DEBUG,MB-1123938626 TZBRB 255180002250], RetrieveIndividualCustAndAcctBasicDetails,Success,1516ms. 
[2014-Apr-17 11:41:57.298,DEBUG,MB-1123938626 TZBRB 255180002250], RetrieveIndividualCustAcctList,Success,1063ms. 
[2014-Apr-17 11:41:57.642,DEBUG,MB-1123938626 TZBRB 255180002250], RetrieveCASAAcctDetails,Success,334ms. 
[2014-Apr-17 11:41:58.820,DEBUG,MB-1123938626 TZBRB 255180002250], RetrieveIndividualCustAndAcctBasicDetails,Success,1141ms. 
[2014-Apr-17 11:41:59.665,DEBUG,MB-1123938626 TZBRB 255180002250], RetrieveIndividualCustAcctList,Success,834ms. 
[2014-Apr-17 11:42:01.274,DEBUG,MB-1123938626 TZBRB 255180002250], RetrieveCASAAcctTransactionActivity,Success,1597ms. 
[2014-Apr-17 11:42:22.917,DEBUG,MB-1123938626 TZBRB 255180002250], RetrieveIndividualCustAndAcctBasicDetails,Success,1317ms. 
[2014-Apr-17 11:42:24.106,DEBUG,MB-1123938626 TZBRB 255180002250], RetrieveIndividualCustAcctList,Success,880ms. 
[2014-Apr-17 11:42:24.578,DEBUG,MB-1123938626 TZBRB 255180002250], RetrieveCASAAcctDetails,Success,463ms. 
[2014-Apr-17 11:42:25.926,DEBUG,MB-1123938626 TZBRB 255180002250], RetrieveIndividualCustAndAcctBasicDetails,Success,1317ms. 
[2014-Apr-17 11:42:26.732,DEBUG,MB-1123938626 TZBRB 255180002250], RetrieveIndividualCustAcctList,Success,796ms. 
[2014-Apr-17 11:42:28.304,DEBUG,MB-1123938626 TZBRB 255180002250], RetrieveCASAAcctTransactionActivity,Success,1560ms. 
[2014-Apr-17 11:42:35.964,DEBUG,MB-1808370194 TZBRB 255180002250], RetrieveIndividualCustAndAcctBasicDetails,Success,1339ms. 
[2014-Apr-17 11:42:36.475,DEBUG,MB-1808370194 TZBRB 255180002250], RetrieveCustomerQuestionnaire,Success,502ms. 
[2014-Apr-17 11:42:39.642,DEBUG,MB-1808370194 TZBRB 255180002250], VerifyPin,Error,612ms. 
[2014-Apr-17 11:42:42.118,DEBUG,MB-1808370194 TZBRB 255180002250], RetrieveIndividualCustAndAcctBasicDetails,Success,1724ms. 
[2014-Apr-17 11:42:42.517,DEBUG,MB-1808370194 TZBRB 255180002250], RetrieveCustomerQuestionnaire,Success,390ms. 
[2014-Apr-17 11:42:55.143,DEBUG,MB-1808370194 TZBRB 255180002250], VerifyPin,Success,1656ms. 
[2014-Apr-17 11:42:56.597,DEBUG,MB-1808370194 TZBRB 255180002250], RetrieveIndividualCustAndAcctBasicDetails,Success,1420ms. 
[2014-Apr-17 11:42:57.307,DEBUG,MB-1808370194 TZBRB 255180002250], RetrieveIndividualCustBySCVID,Success,702ms. 
[2014-Apr-17 11:42:57.788,DEBUG,MB-1808370194 TZBRB 255180002250], RetrieveCASAAcctDetails,Success,473ms. 
[2014-Apr-17 11:42:58.867,DEBUG,MB-1808370194 TZBRB 255180002250], RetrieveIndividualCustAndAcctBasicDetails,Success,1051ms. 
[2014-Apr-17 11:42:59.634,DEBUG,MB-1808370194 TZBRB 255180002250], RetrieveIndividualCustAcctList,Success,759ms. 
[2014-Apr-17 11:43:00.007,DEBUG,MB-1808370194 TZBRB 255180002250], RetrieveCASAAcctDetails,Success,359ms. 
[2014-Apr-17 11:43:27.390,DEBUG,MB-1835277082 TZBRB 255180002250], RetrieveIndividualCustAndAcctBasicDetails,Success,1603ms. 
[2014-Apr-17 11:43:28.028,DEBUG,MB-1835277082 TZBRB 255180002250], RetrieveCustomerQuestionnaire,Success,628ms. 
[2014-Apr-17 11:43:31.321,DEBUG,MB-1835277082 TZBRB 255180002250], VerifyPin,Error,734ms. 
[2014-Apr-17 11:43:33.191,DEBUG,MB-1835277082 TZBRB 255180002250], RetrieveIndividualCustAndAcctBasicDetails,Success,1226ms. 
[2014-Apr-17 11:43:33.619,DEBUG,MB-1835277082 TZBRB 255180002250], RetrieveCustomerQuestionnaire,Success,418ms. 
[2014-Apr-17 11:43:46.092,DEBUG,MB-1835277082 TZBRB 255180002250], VerifyPin,Success,1671ms. 
[2014-Apr-17 11:43:47.234,DEBUG,MB-1835277082 TZBRB 255180002250], RetrieveIndividualCustAndAcctBasicDetails,Success,1116ms. 
[2014-Apr-17 11:43:47.907,DEBUG,MB-1835277082 TZBRB 255180002250], RetrieveIndividualCustBySCVID,Success,665ms. 
[2014-Apr-17 11:43:48.262,DEBUG,MB-1835277082 TZBRB 255180002250], RetrieveCASAAcctDetails,Success,347ms. 
[2014-Apr-17 11:43:49.502,DEBUG,MB-1835277082 TZBRB 255180002250], RetrieveIndividualCustAndAcctBasicDetails,Success,1220ms. 
[2014-Apr-17 11:43:50.298,DEBUG,MB-1835277082 TZBRB 255180002250], RetrieveIndividualCustAcctList,Success,789ms. 
[2014-Apr-17 11:43:50.660,DEBUG,MB-1835277082 TZBRB 255180002250], RetrieveCASAAcctDetails,Success,354ms. 
[2014-Apr-17 11:44:15.898,DEBUG,MB-1835277082 TZBRB 255180002250], RetrieveIndividualCustAndAcctBasicDetails,Success,1542ms. 
[2014-Apr-17 11:44:16.941,DEBUG,MB-1835277082 TZBRB 255180002250], RetrieveIndividualCustAcctList,Success,1036ms. 
[2014-Apr-17 11:44:50.506,DEBUG,MB561674605 TZBRB 255180002250], RetrieveIndividualCustAndAcctBasicDetails,Success,1511ms. 
[2014-Apr-17 11:44:51.139,DEBUG,MB561674605 TZBRB 255180002250], RetrieveCustomerQuestionnaire,Success,624ms. 
[2014-Apr-17 11:44:54.232,DEBUG,MB561674605 TZBRB 255180002250], VerifyPin,Error,607ms. 
[2014-Apr-17 11:44:56.099,DEBUG,MB561674605 TZBRB 255180002250], RetrieveIndividualCustAndAcctBasicDetails,Success,1193ms. 
[2014-Apr-17 11:44:56.516,DEBUG,MB561674605 TZBRB 255180002250], RetrieveCustomerQuestionnaire,Success,408ms. 
[2014-Apr-17 11:45:08.738,DEBUG,MB561674605 TZBRB 255180002250], VerifyPin,Success,1657ms. 
[2014-Apr-17 11:45:10.290,DEBUG,MB561674605 TZBRB 255180002250], RetrieveIndividualCustAndAcctBasicDetails,Success,1057ms. 
[2014-Apr-17 11:45:10.892,DEBUG,MB561674605 TZBRB 255180002250], RetrieveIndividualCustBySCVID,Success,593ms. 
[2014-Apr-17 11:45:11.257,DEBUG,MB561674605 TZBRB 255180002250], RetrieveCASAAcctDetails,Success,357ms. 
[2014-Apr-17 11:45:12.459,DEBUG,MB561674605 TZBRB 255180002250], RetrieveIndividualCustAndAcctBasicDetails,Success,1174ms. 
[2014-Apr-17 11:45:13.221,DEBUG,MB561674605 TZBRB 255180002250], RetrieveIndividualCustAcctList,Success,753ms. 
[2014-Apr-17 11:45:13.543,DEBUG,MB561674605 TZBRB 255180002250], RetrieveCASAAcctDetails,Success,311ms. 
[2014-Apr-17 11:45:30.104,DEBUG,MB-588822753 TZBRB 255180002250], RetrieveIndividualCustAndAcctBasicDetails,Success,1483ms. 
[2014-Apr-17 11:45:30.617,DEBUG,MB-588822753 TZBRB 255180002250], RetrieveCustomerQuestionnaire,Success,505ms. 
[2014-Apr-17 11:45:33.584,DEBUG,MB-588822753 TZBRB 255180002250], VerifyPin,Error,537ms. 
[2014-Apr-17 11:45:35.475,DEBUG,MB-588822753 TZBRB 255180002250], RetrieveIndividualCustAndAcctBasicDetails,Success,1014ms. 
[2014-Apr-17 11:45:35.859,DEBUG,MB-588822753 TZBRB 255180002250], RetrieveCustomerQuestionnaire,Success,376ms. 
[2014-Apr-17 11:45:49.980,DEBUG,MB-588822753 TZBRB 255180002250], VerifyPin,Success,2241ms. 
[2014-Apr-17 11:45:51.114,DEBUG,MB-588822753 TZBRB 255180002250], RetrieveIndividualCustAndAcctBasicDetails,Success,1103ms. 
[2014-Apr-17 11:45:51.876,DEBUG,MB-588822753 TZBRB 255180002250], RetrieveIndividualCustBySCVID,Success,756ms. 
[2014-Apr-17 11:45:52.286,DEBUG,MB-588822753 TZBRB 255180002250], RetrieveCASAAcctDetails,Success,401ms. 
[2014-Apr-17 11:45:53.588,DEBUG,MB-588822753 TZBRB 255180002250], RetrieveIndividualCustAndAcctBasicDetails,Success,1277ms. 
[2014-Apr-17 11:45:55.087,DEBUG,MB-588822753 TZBRB 255180002250], RetrieveIndividualCustAcctList,Success,1491ms. 
[2014-Apr-17 11:45:55.589,DEBUG,MB-588822753 TZBRB 255180002250], RetrieveCASAAcctDetails,Success,493ms. 
[2014-Apr-17 11:46:33.611,DEBUG,MB-588822753 TZBRB 255180002250], RetrieveIndividualCustAndAcctBasicDetails,Success,1495ms. 
[2014-Apr-17 11:46:34.523,DEBUG,MB-588822753 TZBRB 255180002250], RetrieveIndividualCustAcctList,Success,900ms. 
[2014-Apr-17 11:46:34.911,DEBUG,MB-588822753 TZBRB 255180002250], RetrieveCASAAcctDetails,Success,380ms. 
[2014-Apr-17 11:46:36.223,DEBUG,MB-588822753 TZBRB 255180002250], RetrieveCASAAcctTransactionActivity,Success,1302ms. 
[2014-Apr-17 11:48:20.831,DEBUG,MB1587193613 TZBRB 255180002250], RetrieveIndividualCustAndAcctBasicDetails,Success,1531ms. 
[2014-Apr-17 11:48:21.349,DEBUG,MB1587193613 TZBRB 255180002250], RetrieveCustomerQuestionnaire,Success,510ms. 
[2014-Apr-17 11:48:24.655,DEBUG,MB1587193613 TZBRB 255180002250], VerifyPin,Error,618ms. 
[2014-Apr-17 11:48:26.425,DEBUG,MB1587193613 TZBRB 255180002250], RetrieveIndividualCustAndAcctBasicDetails,Success,1142ms. 
[2014-Apr-17 11:48:26.827,DEBUG,MB1587193613 TZBRB 255180002250], RetrieveCustomerQuestionnaire,Success,394ms. 
[2014-Apr-17 11:48:39.035,DEBUG,MB1587193613 TZBRB 255180002250], VerifyPin,Success,1695ms. 
[2014-Apr-17 11:48:40.238,DEBUG,MB1587193613 TZBRB 255180002250], RetrieveIndividualCustAndAcctBasicDetails,Success,1175ms. 
[2014-Apr-17 11:48:40.962,DEBUG,MB1587193613 TZBRB 255180002250], RetrieveIndividualCustBySCVID,Success,718ms. 
[2014-Apr-17 11:48:42.042,DEBUG,MB1587193613 TZBRB 255180002250], RetrieveCASAAcctDetails,Success,609ms. 
[2014-Apr-17 11:48:43.032,DEBUG,MB1587193613 TZBRB 255180002250], RetrieveIndividualCustAndAcctBasicDetails,Success,974ms. 
[2014-Apr-17 11:48:43.893,DEBUG,MB1587193613 TZBRB 255180002250], RetrieveIndividualCustAcctList,Success,854ms. 
[2014-Apr-17 11:48:44.226,DEBUG,MB1587193613 TZBRB 255180002250], RetrieveCASAAcctDetails,Success,324ms. 
[2014-Apr-17 11:49:11.259,DEBUG,MB-905806979 TZBRB 255180002250], RetrieveIndividualCustAndAcctBasicDetails,Success,1399ms. 
[2014-Apr-17 11:49:11.795,DEBUG,MB-905806979 TZBRB 255180002250], RetrieveCustomerQuestionnaire,Success,529ms. 
[2014-Apr-17 11:49:14.825,DEBUG,MB-905806979 TZBRB 255180002250], VerifyPin,Error,631ms. 
[2014-Apr-17 11:49:16.550,DEBUG,MB-905806979 TZBRB 255180002250], RetrieveIndividualCustAndAcctBasicDetails,Success,1028ms. 
[2014-Apr-17 11:49:16.947,DEBUG,MB-905806979 TZBRB 255180002250], RetrieveCustomerQuestionnaire,Success,386ms. 
[2014-Apr-17 11:49:29.173,DEBUG,MB-905806979 TZBRB 255180002250], VerifyPin,Success,1549ms. 
[2014-Apr-17 11:49:30.296,DEBUG,MB-905806979 TZBRB 255180002250], RetrieveIndividualCustAndAcctBasicDetails,Success,1087ms. 
[2014-Apr-17 11:49:30.986,DEBUG,MB-905806979 TZBRB 255180002250], RetrieveIndividualCustBySCVID,Success,682ms. 
[2014-Apr-17 11:49:31.604,DEBUG,MB-905806979 TZBRB 255180002250], RetrieveCASAAcctDetails,Success,597ms. 
[2014-Apr-17 11:49:32.637,DEBUG,MB-905806979 TZBRB 255180002250], RetrieveIndividualCustAndAcctBasicDetails,Success,1015ms. 
[2014-Apr-17 11:49:33.400,DEBUG,MB-905806979 TZBRB 255180002250], RetrieveIndividualCustAcctList,Success,753ms. 
[2014-Apr-17 11:49:34.033,DEBUG,MB-905806979 TZBRB 255180002250], RetrieveCASAAcctDetails,Success,625ms. 
[2014-Apr-17 11:50:02.494,DEBUG,MB-905806979 TZBRB 255180002250], RetrieveIndividualCustAndAcctBasicDetails,Success,1532ms. 
[2014-Apr-17 11:50:03.491,DEBUG,MB-905806979 TZBRB 255180002250], RetrieveIndividualCustAcctList,Success,988ms. 
[2014-Apr-17 11:50:04.310,DEBUG,MB-905806979 TZBRB 255180002250], RetrieveCASAAcctDetails,Success,327ms. 
[2014-Apr-17 11:50:05.889,DEBUG,MB-905806979 TZBRB 255180002250], RetrieveCASAAcctTransactionActivity,Success,1567ms. 
[2014-Apr-17 11:50:12.423,DEBUG,MB1337965729 TZBRB 255180002250], RetrieveIndividualCustAndAcctBasicDetails,Success,1409ms. 
[2014-Apr-17 11:50:12.839,DEBUG,MB1337965729 TZBRB 255180002250], RetrieveCustomerQuestionnaire,Success,406ms. 
[2014-Apr-17 11:50:15.684,DEBUG,MB1337965729 TZBRB 255180002250], VerifyPin,Error,600ms. 
[2014-Apr-17 11:50:17.509,DEBUG,MB1337965729 TZBRB 255180002250], RetrieveIndividualCustAndAcctBasicDetails,Success,1058ms. 
[2014-Apr-17 11:50:17.936,DEBUG,MB1337965729 TZBRB 255180002250], RetrieveCustomerQuestionnaire,Success,419ms. 
[2014-Apr-17 11:50:30.967,DEBUG,MB1337965729 TZBRB 255180002250], VerifyPin,Success,1719ms. 
[2014-Apr-17 11:50:32.080,DEBUG,MB1337965729 TZBRB 255180002250], RetrieveIndividualCustAndAcctBasicDetails,Success,1067ms. 
[2014-Apr-17 11:50:32.972,DEBUG,MB1337965729 TZBRB 255180002250], RetrieveIndividualCustBySCVID,Success,886ms. 
[2014-Apr-17 11:50:33.334,DEBUG,MB1337965729 TZBRB 255180002250], RetrieveCASAAcctDetails,Success,354ms. 
[2014-Apr-17 11:50:34.403,DEBUG,MB1337965729 TZBRB 255180002250], RetrieveIndividualCustAndAcctBasicDetails,Success,1052ms. 
[2014-Apr-17 11:50:35.219,DEBUG,MB1337965729 TZBRB 255180002250], RetrieveIndividualCustAcctList,Success,809ms. 
[2014-Apr-17 11:50:35.575,DEBUG,MB1337965729 TZBRB 255180002250], RetrieveCASAAcctDetails,Success,348ms. 
[2014-Apr-17 11:51:04.335,DEBUG,MB1337965729 TZBRB 255180002250], RetrieveIndividualCustAndAcctBasicDetails,Success,1857ms. 
[2014-Apr-17 11:51:05.361,DEBUG,MB1337965729 TZBRB 255180002250], RetrieveIndividualCustAcctList,Success,1018ms. 
[2014-Apr-17 11:51:09.429,DEBUG,MB1717424551 TZBRB 255180002250], RetrieveIndividualCustAndAcctBasicDetails,Success,1062ms. 
[2014-Apr-17 11:51:09.814,DEBUG,MB1717424551 TZBRB 255180002250], RetrieveCustomerQuestionnaire,Success,374ms. 
[2014-Apr-17 11:51:12.954,DEBUG,MB1717424551 TZBRB 255180002250], VerifyPin,Error,578ms. 
[2014-Apr-17 11:51:15.225,DEBUG,MB1717424551 TZBRB 255180002250], RetrieveIndividualCustAndAcctBasicDetails,Success,1259ms. 
[2014-Apr-17 11:51:15.755,DEBUG,MB1717424551 TZBRB 255180002250], RetrieveCustomerQuestionnaire,Success,521ms. 
[2014-Apr-17 11:51:29.511,DEBUG,MB1717424551 TZBRB 255180002250], VerifyPin,Success,2226ms. 
[2014-Apr-17 11:51:30.683,DEBUG,MB1717424551 TZBRB 255180002250], RetrieveIndividualCustAndAcctBasicDetails,Success,1136ms. 
[2014-Apr-17 11:51:31.693,DEBUG,MB1717424551 TZBRB 255180002250], RetrieveIndividualCustBySCVID,Success,1003ms. 
[2014-Apr-17 11:51:32.035,DEBUG,MB1717424551 TZBRB 255180002250], RetrieveCASAAcctDetails,Success,335ms. 
[2014-Apr-17 11:51:33.077,DEBUG,MB1717424551 TZBRB 255180002250], RetrieveIndividualCustAndAcctBasicDetails,Success,1024ms. 
[2014-Apr-17 11:51:34.025,DEBUG,MB1717424551 TZBRB 255180002250], RetrieveIndividualCustAcctList,Success,940ms. 
[2014-Apr-17 11:51:34.397,DEBUG,MB1717424551 TZBRB 255180002250], RetrieveCASAAcctDetails,Success,363ms. 
[2014-Apr-17 11:52:08.119,DEBUG,MB1717424551 TZBRB 255180002250], RetrieveIndividualCustAndAcctBasicDetails,Success,1500ms. 
[2014-Apr-17 11:52:08.933,DEBUG,MB1717424551 TZBRB 255180002250], RetrieveIndividualCustAcctList,Success,802ms. 
[2014-Apr-17 11:52:09.747,DEBUG,MB1717424551 TZBRB 255180002250], RetrieveCASAAcctDetails,Success,353ms. 
[2014-Apr-17 11:52:11.492,DEBUG,MB1717424551 TZBRB 255180002250], RetrieveCASAAcctTransactionActivity,Success,1733ms. 
[2014-Apr-17 11:52:18.908,DEBUG,MB1865577999 TZBRB 255180002250], RetrieveIndividualCustAndAcctBasicDetails,Success,1126ms. 
[2014-Apr-17 11:52:19.428,DEBUG,MB1865577999 TZBRB 255180002250], RetrieveCustomerQuestionnaire,Success,510ms. 
[2014-Apr-17 11:52:22.204,DEBUG,MB1865577999 TZBRB 255180002250], VerifyPin,Error,517ms. 
[2014-Apr-17 11:52:23.904,DEBUG,MB1865577999 TZBRB 255180002250], RetrieveIndividualCustAndAcctBasicDetails,Success,1026ms. 
[2014-Apr-17 11:52:24.511,DEBUG,MB1865577999 TZBRB 255180002250], RetrieveCustomerQuestionnaire,Success,598ms. 
[2014-Apr-17 11:52:37.842,DEBUG,MB1865577999 TZBRB 255180002250], VerifyPin,Success,1480ms. 
[2014-Apr-17 11:52:39.050,DEBUG,MB1865577999 TZBRB 255180002250], RetrieveIndividualCustAndAcctBasicDetails,Success,1184ms. 
[2014-Apr-17 11:52:39.655,DEBUG,MB1865577999 TZBRB 255180002250], RetrieveIndividualCustBySCVID,Success,597ms. 
[2014-Apr-17 11:52:40.144,DEBUG,MB1865577999 TZBRB 255180002250], RetrieveCASAAcctDetails,Success,481ms. 
[2014-Apr-17 11:52:41.136,DEBUG,MB1865577999 TZBRB 255180002250], RetrieveIndividualCustAndAcctBasicDetails,Success,974ms. 
[2014-Apr-17 11:52:41.933,DEBUG,MB1865577999 TZBRB 255180002250], RetrieveIndividualCustAcctList,Success,791ms. 
[2014-Apr-17 11:52:42.304,DEBUG,MB1865577999 TZBRB 255180002250], RetrieveCASAAcctDetails,Success,362ms. 
[2014-Apr-17 11:53:16.743,DEBUG,MB1865577999 TZBRB 255180002250], RetrieveIndividualCustAndAcctBasicDetails,Success,1376ms. 
[2014-Apr-17 11:53:17.667,DEBUG,MB1865577999 TZBRB 255180002250], RetrieveIndividualCustAcctList,Success,917ms. 
[2014-Apr-17 11:53:18.033,DEBUG,MB1865577999 TZBRB 255180002250], RetrieveCASAAcctDetails,Success,357ms. 
[2014-Apr-17 11:53:19.078,DEBUG,MB1865577999 TZBRB 255180002250], RetrieveIndividualCustAndAcctBasicDetails,Success,1010ms. 
[2014-Apr-17 11:53:20.089,DEBUG,MB1865577999 TZBRB 255180002250], RetrieveIndividualCustAcctList,Success,992ms. 
[2014-Apr-17 11:53:22.012,DEBUG,MB1865577999 TZBRB 255180002250], RetrieveCASAAcctTransactionActivity,Success,1911ms. 
[2014-Apr-17 11:53:29.613,DEBUG,MB-533802578 TZBRB 255180002250], RetrieveIndividualCustAndAcctBasicDetails,Success,1451ms. 
[2014-Apr-17 11:53:30.016,DEBUG,MB-533802578 TZBRB 255180002250], RetrieveCustomerQuestionnaire,Success,394ms. 
[2014-Apr-17 11:53:32.480,DEBUG,MB-533802578 TZBRB 255180002250], VerifyPin,Error,551ms. 
[2014-Apr-17 11:53:34.288,DEBUG,MB-533802578 TZBRB 255180002250], RetrieveIndividualCustAndAcctBasicDetails,Success,1072ms. 
[2014-Apr-17 11:53:34.680,DEBUG,MB-533802578 TZBRB 255180002250], RetrieveCustomerQuestionnaire,Success,384ms. 
[2014-Apr-17 11:53:46.101,DEBUG,MB-533802578 TZBRB 255180002250], VerifyPin,Success,1593ms. 
[2014-Apr-17 11:53:47.410,DEBUG,MB-533802578 TZBRB 255180002250], RetrieveIndividualCustAndAcctBasicDetails,Success,1285ms. 
[2014-Apr-17 11:53:48.023,DEBUG,MB-533802578 TZBRB 255180002250], RetrieveIndividualCustBySCVID,Success,606ms. 
[2014-Apr-17 11:53:48.430,DEBUG,MB-533802578 TZBRB 255180002250], RetrieveCASAAcctDetails,Success,401ms. 
[2014-Apr-17 11:53:49.592,DEBUG,MB-533802578 TZBRB 255180002250], RetrieveIndividualCustAndAcctBasicDetails,Success,1137ms. 
[2014-Apr-17 11:53:50.415,DEBUG,MB-533802578 TZBRB 255180002250], RetrieveIndividualCustAcctList,Success,813ms. 
[2014-Apr-17 11:53:50.753,DEBUG,MB-533802578 TZBRB 255180002250], RetrieveCASAAcctDetails,Success,330ms. 
[2014-Apr-17 11:54:20.507,DEBUG,MB132760291 TZBRB 255180002250], RetrieveIndividualCustAndAcctBasicDetails,Success,1526ms. 
[2014-Apr-17 11:54:21.433,DEBUG,MB132760291 TZBRB 255180002250], RetrieveCustomerQuestionnaire,Success,919ms. 
[2014-Apr-17 11:54:24.253,DEBUG,MB132760291 TZBRB 255180002250], VerifyPin,Error,824ms. 
[2014-Apr-17 11:54:25.914,DEBUG,MB132760291 TZBRB 255180002250], RetrieveIndividualCustAndAcctBasicDetails,Success,974ms. 
[2014-Apr-17 11:54:26.307,DEBUG,MB132760291 TZBRB 255180002250], RetrieveCustomerQuestionnaire,Success,385ms. 
[2014-Apr-17 11:54:38.210,DEBUG,MB132760291 TZBRB 255180002250], VerifyPin,Success,2001ms. 
[2014-Apr-17 11:54:39.866,DEBUG,MB132760291 TZBRB 255180002250], RetrieveIndividualCustAndAcctBasicDetails,Success,1628ms. 
[2014-Apr-17 11:54:40.527,DEBUG,MB132760291 TZBRB 255180002250], RetrieveIndividualCustBySCVID,Success,655ms. 
[2014-Apr-17 11:54:40.905,DEBUG,MB132760291 TZBRB 255180002250], RetrieveCASAAcctDetails,Success,358ms. 
[2014-Apr-17 11:54:42.089,DEBUG,MB132760291 TZBRB 255180002250], RetrieveIndividualCustAndAcctBasicDetails,Success,1167ms. 
[2014-Apr-17 11:54:42.974,DEBUG,MB132760291 TZBRB 255180002250], RetrieveIndividualCustAcctList,Success,878ms. 
[2014-Apr-17 11:54:43.340,DEBUG,MB132760291 TZBRB 255180002250], RetrieveCASAAcctDetails,Success,357ms. 
[2014-Apr-17 11:55:08.823,DEBUG,MB-1464470384 TZBRB 255180002250], RetrieveIndividualCustAndAcctBasicDetails,Success,1600ms. 
[2014-Apr-17 11:55:09.359,DEBUG,MB-1464470384 TZBRB 255180002250], RetrieveCustomerQuestionnaire,Success,529ms. 
[2014-Apr-17 11:55:11.775,DEBUG,MB-1464470384 TZBRB 255180002250], VerifyPin,Error,520ms. 
[2014-Apr-17 11:55:13.653,DEBUG,MB-1464470384 TZBRB 255180002250], RetrieveIndividualCustAndAcctBasicDetails,Success,1081ms. 
[2014-Apr-17 11:55:14.060,DEBUG,MB-1464470384 TZBRB 255180002250], RetrieveCustomerQuestionnaire,Success,399ms. 
[2014-Apr-17 11:55:25.566,DEBUG,MB-1464470384 TZBRB 255180002250], VerifyPin,Success,1688ms. 
[2014-Apr-17 11:55:27.398,DEBUG,MB-1464470384 TZBRB 255180002250], RetrieveIndividualCustAndAcctBasicDetails,Success,1269ms. 
[2014-Apr-17 11:55:28.058,DEBUG,MB-1464470384 TZBRB 255180002250], RetrieveIndividualCustBySCVID,Success,652ms. 
[2014-Apr-17 11:55:28.479,DEBUG,MB-1464470384 TZBRB 255180002250], RetrieveCASAAcctDetails,Success,415ms. 
[2014-Apr-17 11:55:29.597,DEBUG,MB-1464470384 TZBRB 255180002250], RetrieveIndividualCustAndAcctBasicDetails,Success,1101ms. 
[2014-Apr-17 11:55:30.471,DEBUG,MB-1464470384 TZBRB 255180002250], RetrieveIndividualCustAcctList,Success,866ms. 
[2014-Apr-17 11:55:30.818,DEBUG,MB-1464470384 TZBRB 255180002250], RetrieveCASAAcctDetails,Success,341ms. 
[2014-Apr-17 11:55:55.097,DEBUG,MB-1464470384 TZBRB 255180002250], RetrieveIndividualCustAndAcctBasicDetails,Success,1574ms. 
[2014-Apr-17 11:55:56.040,DEBUG,MB-1464470384 TZBRB 255180002250], RetrieveIndividualCustAcctList,Success,936ms. 
[2014-Apr-17 11:56:27.264,DEBUG,MB-528833673 TZBRB 255180002250], RetrieveIndividualCustAndAcctBasicDetails,Success,1479ms. 
[2014-Apr-17 11:56:27.784,DEBUG,MB-528833673 TZBRB 255180002250], RetrieveCustomerQuestionnaire,Success,513ms. 
[2014-Apr-17 11:56:30.816,DEBUG,MB-528833673 TZBRB 255180002250], VerifyPin,Error,628ms. 
[2014-Apr-17 11:56:32.613,DEBUG,MB-528833673 TZBRB 255180002250], RetrieveIndividualCustAndAcctBasicDetails,Success,1114ms. 
[2014-Apr-17 11:56:33.109,DEBUG,MB-528833673 TZBRB 255180002250], RetrieveCustomerQuestionnaire,Success,489ms. 
[2014-Apr-17 11:56:44.804,DEBUG,MB-528833673 TZBRB 255180002250], VerifyPin,Success,1800ms. 
[2014-Apr-17 11:56:45.972,DEBUG,MB-528833673 TZBRB 255180002250], RetrieveIndividualCustAndAcctBasicDetails,Success,1146ms. 
[2014-Apr-17 11:56:46.738,DEBUG,MB-528833673 TZBRB 255180002250], RetrieveIndividualCustBySCVID,Success,759ms. 
[2014-Apr-17 11:56:47.181,DEBUG,MB-528833673 TZBRB 255180002250], RetrieveCASAAcctDetails,Success,437ms. 
[2014-Apr-17 11:56:48.440,DEBUG,MB-528833673 TZBRB 255180002250], RetrieveIndividualCustAndAcctBasicDetails,Success,1241ms. 
[2014-Apr-17 11:56:49.227,DEBUG,MB-528833673 TZBRB 255180002250], RetrieveIndividualCustAcctList,Success,780ms. 
[2014-Apr-17 11:56:49.590,DEBUG,MB-528833673 TZBRB 255180002250], RetrieveCASAAcctDetails,Success,355ms. 
[2014-Apr-17 11:57:15.252,DEBUG,MB959624462 TZBRB 255180002250], RetrieveIndividualCustAndAcctBasicDetails,Success,1635ms. 
[2014-Apr-17 11:57:15.878,DEBUG,MB959624462 TZBRB 255180002250], RetrieveCustomerQuestionnaire,Success,617ms. 
[2014-Apr-17 11:57:18.356,DEBUG,MB959624462 TZBRB 255180002250], VerifyPin,Error,524ms. 
[2014-Apr-17 11:57:20.174,DEBUG,MB959624462 TZBRB 255180002250], RetrieveIndividualCustAndAcctBasicDetails,Success,1080ms. 
[2014-Apr-17 11:57:21.114,DEBUG,MB959624462 TZBRB 255180002250], RetrieveCustomerQuestionnaire,Success,931ms. 
[2014-Apr-17 11:57:33.165,DEBUG,MB959624462 TZBRB 255180002250], VerifyPin,Success,1680ms. 
[2014-Apr-17 11:57:34.322,DEBUG,MB959624462 TZBRB 255180002250], RetrieveIndividualCustAndAcctBasicDetails,Success,1122ms. 
[2014-Apr-17 11:57:34.938,DEBUG,MB959624462 TZBRB 255180002250], RetrieveIndividualCustBySCVID,Success,609ms. 
[2014-Apr-17 11:57:35.290,DEBUG,MB959624462 TZBRB 255180002250], RetrieveCASAAcctDetails,Success,347ms. 
[2014-Apr-17 11:57:36.473,DEBUG,MB959624462 TZBRB 255180002250], RetrieveIndividualCustAndAcctBasicDetails,Success,1122ms. 
[2014-Apr-17 11:57:37.219,DEBUG,MB959624462 TZBRB 255180002250], RetrieveIndividualCustAcctList,Success,739ms. 
[2014-Apr-17 11:57:37.559,DEBUG,MB959624462 TZBRB 255180002250], RetrieveCASAAcctDetails,Success,331ms. 
[2014-Apr-17 11:58:00.391,DEBUG,MB959624462 TZBRB 255180002250], RetrieveIndividualCustAndAcctBasicDetails,Success,1495ms. 
[2014-Apr-17 11:58:01.464,DEBUG,MB959624462 TZBRB 255180002250], RetrieveIndividualCustAcctList,Success,1066ms. 
[2014-Apr-17 11:58:12.837,DEBUG,MB959624462 TZBRB 255180002250], RetrieveIndividualCustAndAcctBasicDetails,Success,1263ms. 
[2014-Apr-17 11:58:13.944,DEBUG,MB959624462 TZBRB 255180002250], RetrieveIndividualCustAcctList,Success,1100ms. 
[2014-Apr-17 11:58:37.590,DEBUG,MB959624462 TZBRB 255180002250], RetrieveIndividualCustAndAcctBasicDetails,Success,1639ms. 
[2014-Apr-17 11:58:38.546,DEBUG,MB959624462 TZBRB 255180002250], RetrieveIndividualCustAcctList,Success,949ms. 
[2014-Apr-17 11:58:44.355,DEBUG,MB959624462 TZBRB 255180002250], RetrieveIndividualCustAndAcctBasicDetails,Success,1005ms. 
[2014-Apr-17 11:58:45.306,DEBUG,MB959624462 TZBRB 255180002250], RetrieveIndividualCustAcctList,Success,944ms. 
[2014-Apr-17 11:59:13.662,DEBUG,MB959624462 TZBRB 255180002250], RetrieveIndividualCustAndAcctBasicDetails,Success,1700ms. 
[2014-Apr-17 11:59:15.018,DEBUG,MB959624462 TZBRB 255180002250], RetrieveIndividualCustAcctList,Success,991ms. 
[2014-Apr-17 11:59:30.907,DEBUG,MB959624462 TZBRB 255180002250], AddOrganizationBeneficiary,Error,1310ms. 
[2014-Apr-17 11:59:35.457,DEBUG,MB-969641824 TZBRB 255180002250], RetrieveIndividualCustAndAcctBasicDetails,Success,1027ms. 
[2014-Apr-17 11:59:36.007,DEBUG,MB-969641824 TZBRB 255180002250], RetrieveCustomerQuestionnaire,Success,542ms. 
[2014-Apr-17 11:59:38.374,DEBUG,MB-969641824 TZBRB 255180002250], VerifyPin,Error,560ms. 
[2014-Apr-17 11:59:40.709,DEBUG,MB-969641824 TZBRB 255180002250], RetrieveIndividualCustAndAcctBasicDetails,Success,1175ms. 
[2014-Apr-17 11:59:41.108,DEBUG,MB-969641824 TZBRB 255180002250], RetrieveCustomerQuestionnaire,Success,391ms. 
[2014-Apr-17 11:59:53.519,DEBUG,MB-969641824 TZBRB 255180002250], VerifyPin,Success,1855ms. 
[2014-Apr-17 11:59:54.665,DEBUG,MB-969641824 TZBRB 255180002250], RetrieveIndividualCustAndAcctBasicDetails,Success,1122ms. 
[2014-Apr-17 11:59:55.284,DEBUG,MB-969641824 TZBRB 255180002250], RetrieveIndividualCustBySCVID,Success,611ms. 
[2014-Apr-17 11:59:55.732,DEBUG,MB-969641824 TZBRB 255180002250], RetrieveCASAAcctDetails,Success,441ms. 
[2014-Apr-17 11:59:57.135,DEBUG,MB-969641824 TZBRB 255180002250], RetrieveIndividualCustAndAcctBasicDetails,Success,1385ms. 
[2014-Apr-17 11:59:57.903,DEBUG,MB-969641824 TZBRB 255180002250], RetrieveIndividualCustAcctList,Success,761ms. 
[2014-Apr-17 11:59:58.390,DEBUG,MB-969641824 TZBRB 255180002250], RetrieveCASAAcctDetails,Success,480ms. 
[2014-Apr-17 12:00:25.352,DEBUG,MB-969641824 TZBRB 255180002250], SearchFundsTransferHistory,Success,2352ms. 
[2014-Apr-17 12:00:30.844,DEBUG,MB-969641824 TZBRB 255180002250], SearchFundsTransferHistory,Success,1764ms. 
[2014-Apr-17 12:00:34.204,DEBUG,MB-969641824 TZBRB 255180002250], ViewBillPaymentDetails,Success,1164ms. 
[2014-Apr-17 12:00:43.849,DEBUG,MB-969641824 TZBRB 255180002250], RetrieveIndividualCustAndAcctBasicDetails,Success,1288ms. 
[2014-Apr-17 12:00:44.856,DEBUG,MB-969641824 TZBRB 255180002250], RetrieveIndividualCustAcctList,Success,999ms. 
[2014-Apr-17 12:00:46.572,DEBUG,MB-969641824 TZBRB 255180002250], RetrieveIndividualCustBeneficiaryList,Success,1281ms. 
[2014-Apr-17 12:00:50.688,DEBUG,MB-969641824 TZBRB 255180002250], RetrieveIndividualCustAndAcctBasicDetails,Success,1162ms. 
[2014-Apr-17 12:00:51.611,DEBUG,MB-969641824 TZBRB 255180002250], RetrieveIndividualCustAcctList,Success,915ms. 
[2014-Apr-17 12:00:52.712,DEBUG,MB-969641824 TZBRB 255180002250], RetrieveIndividualCustBeneficiaryList,Success,1091ms. 
[2014-Apr-17 12:01:03.377,DEBUG,MB-969641824 TZBRB 255180002250], RetrieveOrganizationBeneficiaryDetails,Success,1597ms. 
[2014-Apr-17 12:01:04.669,DEBUG,MB-969641824 TZBRB 255180002250], RetrieveIndividualCustAndAcctBasicDetails,Success,1284ms. 
[2014-Apr-17 12:01:05.506,DEBUG,MB-969641824 TZBRB 255180002250], RetrieveIndividualCustAcctList,Success,828ms. 
[2014-Apr-17 12:01:06.835,DEBUG,MB-969641824 TZBRB 255180002250], RetrieveIndividualCustAndAcctBasicDetails,Success,1290ms. 
[2014-Apr-17 12:01:07.689,DEBUG,MB-969641824 TZBRB 255180002250], RetrieveIndividualCustAcctList,Success,844ms. 
[2014-Apr-17 12:01:16.377,DEBUG,MB-592935160 TZBRB 255180002250], RetrieveIndividualCustAndAcctBasicDetails,Success,1791ms. 
[2014-Apr-17 12:01:16.769,DEBUG,MB-592935160 TZBRB 255180002250], RetrieveCustomerQuestionnaire,Success,384ms. 
[2014-Apr-17 12:01:19.608,DEBUG,MB-592935160 TZBRB 255180002250], VerifyPin,Error,625ms. 
[2014-Apr-17 12:01:21.342,DEBUG,MB-592935160 TZBRB 255180002250], RetrieveIndividualCustAndAcctBasicDetails,Success,979ms. 
[2014-Apr-17 12:01:21.877,DEBUG,MB-592935160 TZBRB 255180002250], RetrieveCustomerQuestionnaire,Success,526ms. 
[2014-Apr-17 12:01:34.400,DEBUG,MB-592935160 TZBRB 255180002250], VerifyPin,Success,1904ms. 
[2014-Apr-17 12:01:35.578,DEBUG,MB-592935160 TZBRB 255180002250], RetrieveIndividualCustAndAcctBasicDetails,Success,1149ms. 
[2014-Apr-17 12:01:36.176,DEBUG,MB-592935160 TZBRB 255180002250], RetrieveIndividualCustBySCVID,Success,591ms. 
[2014-Apr-17 12:01:36.531,DEBUG,MB-592935160 TZBRB 255180002250], RetrieveCASAAcctDetails,Success,347ms. 
[2014-Apr-17 12:01:37.789,DEBUG,MB-592935160 TZBRB 255180002250], RetrieveIndividualCustAndAcctBasicDetails,Success,1227ms. 
[2014-Apr-17 12:01:38.594,DEBUG,MB-592935160 TZBRB 255180002250], RetrieveIndividualCustAcctList,Success,797ms. 
[2014-Apr-17 12:01:38.925,DEBUG,MB-592935160 TZBRB 255180002250], RetrieveCASAAcctDetails,Success,324ms. 
[2014-Apr-17 12:01:58.876,DEBUG,MB-1564810222 TZBRB 255180002250], RetrieveIndividualCustAndAcctBasicDetails,Success,1225ms. 
[2014-Apr-17 12:01:59.449,DEBUG,MB-1564810222 TZBRB 255180002250], RetrieveCustomerQuestionnaire,Success,561ms. 
[2014-Apr-17 12:02:03.217,DEBUG,MB-1564810222 TZBRB 255180002250], VerifyPin,Error,571ms. 
[2014-Apr-17 12:02:04.983,DEBUG,MB-1564810222 TZBRB 255180002250], RetrieveIndividualCustAndAcctBasicDetails,Success,1172ms. 
[2014-Apr-17 12:02:05.418,DEBUG,MB-1564810222 TZBRB 255180002250], RetrieveCustomerQuestionnaire,Success,425ms. 
[2014-Apr-17 12:02:18.900,DEBUG,MB-1564810222 TZBRB 255180002250], VerifyPin,Success,1540ms. 
[2014-Apr-17 12:02:20.011,DEBUG,MB-1564810222 TZBRB 255180002250], RetrieveIndividualCustAndAcctBasicDetails,Success,1081ms. 
[2014-Apr-17 12:02:20.842,DEBUG,MB-1564810222 TZBRB 255180002250], RetrieveIndividualCustBySCVID,Success,825ms. 
[2014-Apr-17 12:02:21.254,DEBUG,MB-1564810222 TZBRB 255180002250], RetrieveCASAAcctDetails,Success,404ms. 
[2014-Apr-17 12:02:22.632,DEBUG,MB-1564810222 TZBRB 255180002250], RetrieveIndividualCustAndAcctBasicDetails,Success,1348ms. 
[2014-Apr-17 12:02:23.552,DEBUG,MB-1564810222 TZBRB 255180002250], RetrieveIndividualCustAcctList,Success,914ms. 
[2014-Apr-17 12:02:24.123,DEBUG,MB-1564810222 TZBRB 255180002250], RetrieveCASAAcctDetails,Success,562ms. 
[2014-Apr-17 12:03:02.597,DEBUG,MB-1564810222 TZBRB 255180002250], RetrieveIndividualCustAndAcctBasicDetails,Success,1591ms. 
[2014-Apr-17 12:03:03.571,DEBUG,MB-1564810222 TZBRB 255180002250], RetrieveIndividualCustAcctList,Success,966ms. 
[2014-Apr-17 12:03:03.926,DEBUG,MB-1564810222 TZBRB 255180002250], RetrieveCASAAcctDetails,Success,346ms. 
[2014-Apr-17 12:03:05.619,DEBUG,MB-1564810222 TZBRB 255180002250], RetrieveCASAAcctTransactionActivity,Success,1680ms. 
[2014-Apr-17 12:03:24.430,DEBUG,MB-1564810222 TZBRB 255180002250], RetrieveIndividualCustAndAcctBasicDetails,Success,1383ms. 
[2014-Apr-17 12:03:25.515,DEBUG,MB-1564810222 TZBRB 255180002250], RetrieveIndividualCustAcctList,Success,1077ms. 
[2014-Apr-17 12:03:25.876,DEBUG,MB-1564810222 TZBRB 255180002250], RetrieveCASAAcctDetails,Success,350ms. 
[2014-Apr-17 12:03:27.125,DEBUG,MB-1564810222 TZBRB 255180002250], RetrieveIndividualCustAndAcctBasicDetails,Success,1210ms. 
[2014-Apr-17 12:03:27.995,DEBUG,MB-1564810222 TZBRB 255180002250], RetrieveIndividualCustAcctList,Success,862ms. 
[2014-Apr-17 12:03:29.523,DEBUG,MB-1564810222 TZBRB 255180002250], RetrieveCASAAcctTransactionActivity,Success,1503ms. 
[2014-Apr-17 12:03:38.525,DEBUG,MB-1564810222 TZBRB 255180002250], RetrieveIndividualCustAndAcctBasicDetails,Success,1581ms. 
[2014-Apr-17 12:03:39.416,DEBUG,MB-1564810222 TZBRB 255180002250], RetrieveIndividualCustAcctList,Success,884ms. 
[2014-Apr-17 12:03:43.960,DEBUG,MB-1564810222 TZBRB 255180002250], RetrieveIndividualCustAndAcctBasicDetails,Success,1009ms. 
[2014-Apr-17 12:03:45.183,DEBUG,MB-1564810222 TZBRB 255180002250], RetrieveIndividualCustAcctList,Success,905ms. 
[2014-Apr-17 12:03:49.340,DEBUG,MB-1564810222 TZBRB 255180002250], RetrieveIndividualCustAndAcctBasicDetails,Success,1047ms. 
[2014-Apr-17 12:03:50.172,DEBUG,MB-1564810222 TZBRB 255180002250], RetrieveIndividualCustAcctList,Success,825ms. 
[2014-Apr-17 12:03:51.257,DEBUG,MB-1564810222 TZBRB 255180002250], AddCheckBookRequest,Success,429ms. 
[2014-Apr-17 12:05:04.642,DEBUG,MB-1588672415 TZBRB 255180002250], RetrieveIndividualCustAndAcctBasicDetails,Success,1614ms. 
[2014-Apr-17 12:05:05.246,DEBUG,MB-1588672415 TZBRB 255180002250], RetrieveCustomerQuestionnaire,Success,596ms. 
[2014-Apr-17 12:05:08.152,DEBUG,MB-1588672415 TZBRB 255180002250], VerifyPin,Error,716ms. 
[2014-Apr-17 12:05:10.093,DEBUG,MB-1588672415 TZBRB 255180002250], RetrieveIndividualCustAndAcctBasicDetails,Success,1336ms. 
[2014-Apr-17 12:05:10.520,DEBUG,MB-1588672415 TZBRB 255180002250], RetrieveCustomerQuestionnaire,Success,419ms. 
[2014-Apr-17 12:05:24.964,DEBUG,MB-1588672415 TZBRB 255180002250], VerifyPin,Success,1866ms. 
[2014-Apr-17 12:05:26.149,DEBUG,MB-1588672415 TZBRB 255180002250], RetrieveIndividualCustAndAcctBasicDetails,Success,1160ms. 
[2014-Apr-17 12:05:26.839,DEBUG,MB-1588672415 TZBRB 255180002250], RetrieveIndividualCustBySCVID,Success,683ms. 
[2014-Apr-17 12:05:27.251,DEBUG,MB-1588672415 TZBRB 255180002250], RetrieveCASAAcctDetails,Success,404ms. 
[2014-Apr-17 12:05:28.654,DEBUG,MB-1588672415 TZBRB 255180002250], RetrieveIndividualCustAndAcctBasicDetails,Success,1352ms. 
[2014-Apr-17 12:05:29.470,DEBUG,MB-1588672415 TZBRB 255180002250], RetrieveIndividualCustAcctList,Success,808ms. 
[2014-Apr-17 12:05:29.821,DEBUG,MB-1588672415 TZBRB 255180002250], RetrieveCASAAcctDetails,Success,343ms. 
[2014-Apr-17 12:06:09.682,DEBUG,MB-1588672415 TZBRB 255180002250], RetrieveIndividualCustAndAcctBasicDetails,Success,1668ms. 
[2014-Apr-17 12:06:10.623,DEBUG,MB-1588672415 TZBRB 255180002250], RetrieveIndividualCustAcctList,Success,932ms. 
[2014-Apr-17 12:06:15.769,DEBUG,MB-1588672415 TZBRB 255180002250], RetrieveIndividualCustAndAcctBasicDetails,Success,1155ms. 
[2014-Apr-17 12:06:16.709,DEBUG,MB-1588672415 TZBRB 255180002250], RetrieveIndividualCustAcctList,Success,931ms. 
[2014-Apr-17 12:06:21.582,DEBUG,MB-1588672415 TZBRB 255180002250], RetrieveIndividualCustAndAcctBasicDetails,Success,1255ms. 
[2014-Apr-17 12:06:22.537,DEBUG,MB-1588672415 TZBRB 255180002250], RetrieveIndividualCustAcctList,Success,947ms. 
[2014-Apr-17 12:06:25.564,DEBUG,MB-1588672415 TZBRB 255180002250], RetrieveIndividualCustAndAcctBasicDetails,Success,1018ms. 
[2014-Apr-17 12:06:26.643,DEBUG,MB-1588672415 TZBRB 255180002250], RetrieveIndividualCustAcctList,Success,1070ms. 
[2014-Apr-17 12:06:29.683,DEBUG,MB-1588672415 TZBRB 255180002250], RetrieveIndividualCustBySCVID,Success,745ms. 
[2014-Apr-17 12:06:30.896,DEBUG,MB-1588672415 TZBRB 255180002250], SSAMakeBillPayment,Error,1058ms. 
[2014-Apr-17 12:06:45.451,DEBUG,MB-622448448 TZBRB 255180002250], RetrieveIndividualCustAndAcctBasicDetails,Success,1506ms. 
[2014-Apr-17 12:06:45.975,DEBUG,MB-622448448 TZBRB 255180002250], RetrieveCustomerQuestionnaire,Success,517ms. 
[2014-Apr-17 12:06:48.951,DEBUG,MB-622448448 TZBRB 255180002250], VerifyPin,Error,524ms. 
[2014-Apr-17 12:06:50.745,DEBUG,MB-622448448 TZBRB 255180002250], RetrieveIndividualCustAndAcctBasicDetails,Success,1160ms. 
[2014-Apr-17 12:06:51.138,DEBUG,MB-622448448 TZBRB 255180002250], RetrieveCustomerQuestionnaire,Success,384ms. 
[2014-Apr-17 12:07:05.426,DEBUG,MB-622448448 TZBRB 255180002250], VerifyPin,Success,1719ms. 
[2014-Apr-17 12:07:06.592,DEBUG,MB-622448448 TZBRB 255180002250], RetrieveIndividualCustAndAcctBasicDetails,Success,1124ms. 
[2014-Apr-17 12:07:07.329,DEBUG,MB-622448448 TZBRB 255180002250], RetrieveIndividualCustBySCVID,Success,731ms. 
[2014-Apr-17 12:07:07.709,DEBUG,MB-622448448 TZBRB 255180002250], RetrieveCASAAcctDetails,Success,374ms. 
[2014-Apr-17 12:07:08.898,DEBUG,MB-622448448 TZBRB 255180002250], RetrieveIndividualCustAndAcctBasicDetails,Success,1137ms. 
[2014-Apr-17 12:07:09.684,DEBUG,MB-622448448 TZBRB 255180002250], RetrieveIndividualCustAcctList,Success,780ms. 
[2014-Apr-17 12:07:10.042,DEBUG,MB-622448448 TZBRB 255180002250], RetrieveCASAAcctDetails,Success,347ms. 
[2014-Apr-17 12:07:36.516,DEBUG,MB-723321306 TZBRB 255180002250], RetrieveIndividualCustAndAcctBasicDetails,Success,1597ms. 
[2014-Apr-17 12:07:37.047,DEBUG,MB-723321306 TZBRB 255180002250], RetrieveCustomerQuestionnaire,Success,522ms. 
[2014-Apr-17 12:07:39.940,DEBUG,MB-723321306 TZBRB 255180002250], VerifyPin,Error,545ms. 
[2014-Apr-17 12:07:42.137,DEBUG,MB-723321306 TZBRB 255180002250], RetrieveIndividualCustAndAcctBasicDetails,Success,1554ms. 
[2014-Apr-17 12:07:42.565,DEBUG,MB-723321306 TZBRB 255180002250], RetrieveCustomerQuestionnaire,Success,419ms. 
[2014-Apr-17 12:07:57.184,DEBUG,MB-723321306 TZBRB 255180002250], VerifyPin,Success,1871ms. 
[2014-Apr-17 12:07:58.481,DEBUG,MB-723321306 TZBRB 255180002250], RetrieveIndividualCustAndAcctBasicDetails,Success,1269ms. 
[2014-Apr-17 12:07:59.132,DEBUG,MB-723321306 TZBRB 255180002250], RetrieveIndividualCustBySCVID,Success,642ms. 
[2014-Apr-17 12:07:59.867,DEBUG,MB-723321306 TZBRB 255180002250], RetrieveCASAAcctDetails,Success,728ms. 
[2014-Apr-17 12:08:01.106,DEBUG,MB-723321306 TZBRB 255180002250], RetrieveIndividualCustAndAcctBasicDetails,Success,1169ms. 
[2014-Apr-17 12:08:01.876,DEBUG,MB-723321306 TZBRB 255180002250], RetrieveIndividualCustAcctList,Success,762ms. 
[2014-Apr-17 12:08:02.223,DEBUG,MB-723321306 TZBRB 255180002250], RetrieveCASAAcctDetails,Success,339ms. 
[2014-Apr-17 12:08:37.099,DEBUG,MB-723321306 TZBRB 255180002250], RetrieveIndividualCustAndAcctBasicDetails,Success,1581ms. 
[2014-Apr-17 12:08:38.283,DEBUG,MB-723321306 TZBRB 255180002250], RetrieveIndividualCustAcctList,Success,1176ms. 
[2014-Apr-17 12:08:39.516,DEBUG,MB-723321306 TZBRB 255180002250], RetrieveIndividualCustBeneficiaryList,Success,1225ms. 
[2014-Apr-17 12:08:41.107,DEBUG,MB-723321306 TZBRB 255180002250], RetrieveIndividualCustAndAcctBasicDetails,Success,1556ms. 
[2014-Apr-17 12:08:41.996,DEBUG,MB-723321306 TZBRB 255180002250], RetrieveIndividualCustAcctList,Success,881ms. 
[2014-Apr-17 12:08:46.873,DEBUG,MB-723321306 TZBRB 255180002250], RetrieveIndividualCustAndAcctBasicDetails,Success,1039ms. 
[2014-Apr-17 12:08:47.839,DEBUG,MB-723321306 TZBRB 255180002250], RetrieveIndividualCustAcctList,Success,958ms. 
[2014-Apr-17 12:08:48.954,DEBUG,MB-723321306 TZBRB 255180002250], RetrieveIndividualCustBeneficiaryList,Success,1106ms. 
[2014-Apr-17 12:08:50.245,DEBUG,MB-723321306 TZBRB 255180002250], RetrieveIndividualCustAndAcctBasicDetails,Success,1274ms. 
[2014-Apr-17 12:08:51.013,DEBUG,MB-723321306 TZBRB 255180002250], RetrieveIndividualCustAcctList,Success,762ms. 
[2014-Apr-17 12:09:46.625,DEBUG,MB-723321306 TZBRB 255180002250], AddOrganizationBeneficiary,Error,1335ms. 
[2014-Apr-17 12:10:04.210,DEBUG,MB-723321306 TZBRB 255180002250], RetrieveIndividualCustAndAcctBasicDetails,Success,1978ms. 
[2014-Apr-17 12:10:05.163,DEBUG,MB-723321306 TZBRB 255180002250], RetrieveIndividualCustAcctList,Success,944ms. 
[2014-Apr-17 12:10:06.301,DEBUG,MB-723321306 TZBRB 255180002250], RetrieveIndividualCustBeneficiaryList,Success,1129ms. 
[2014-Apr-17 12:10:11.659,DEBUG,MB-723321306 TZBRB 255180002250], RetrieveIndividualCustAndAcctBasicDetails,Success,1304ms. 
[2014-Apr-17 12:10:12.780,DEBUG,MB-723321306 TZBRB 255180002250], RetrieveIndividualCustAcctList,Success,1114ms. 
[2014-Apr-17 12:10:14.048,DEBUG,MB-723321306 TZBRB 255180002250], RetrieveIndividualCustBeneficiaryList,Success,1259ms. 
[2014-Apr-17 12:10:30.747,DEBUG,MB-723321306 TZBRB 255180002250], RetrieveOrganizationBeneficiaryDetails,Success,1276ms. 
[2014-Apr-17 12:10:31.817,DEBUG,MB-723321306 TZBRB 255180002250], RetrieveIndividualCustAndAcctBasicDetails,Success,1061ms. 
[2014-Apr-17 12:10:32.611,DEBUG,MB-723321306 TZBRB 255180002250], RetrieveIndividualCustAcctList,Success,787ms. 
[2014-Apr-17 12:10:34.437,DEBUG,MB-723321306 TZBRB 255180002250], RetrieveIndividualCustAndAcctBasicDetails,Success,1280ms. 
[2014-Apr-17 12:10:35.188,DEBUG,MB-723321306 TZBRB 255180002250], RetrieveIndividualCustAcctList,Success,743ms. 
[2014-Apr-17 12:10:39.489,DEBUG,MB-723321306 TZBRB 255180002250], RetrieveOrganizationBeneficiaryDetails,Success,663ms. 
[2014-Apr-17 12:10:40.485,DEBUG,MB-723321306 TZBRB 255180002250], RetrieveIndividualCustAndAcctBasicDetails,Success,988ms. 
[2014-Apr-17 12:10:41.454,DEBUG,MB-723321306 TZBRB 255180002250], RetrieveIndividualCustAcctList,Success,963ms. 
[2014-Apr-17 12:10:43.051,DEBUG,MB-723321306 TZBRB 255180002250], RetrieveIndividualCustAndAcctBasicDetails,Success,1050ms. 
[2014-Apr-17 12:10:43.866,DEBUG,MB-723321306 TZBRB 255180002250], RetrieveIndividualCustAcctList,Success,806ms. 
[2014-Apr-17 12:10:48.744,DEBUG,MB-723321306 TZBRB 255180002250], RetrieveOrganizationBeneficiaryDetails,Success,719ms. 
[2014-Apr-17 12:10:49.941,DEBUG,MB-723321306 TZBRB 255180002250], RetrieveIndividualCustAndAcctBasicDetails,Success,1191ms. 
[2014-Apr-17 12:10:50.729,DEBUG,MB-723321306 TZBRB 255180002250], RetrieveIndividualCustAcctList,Success,780ms. 
[2014-Apr-17 12:10:52.457,DEBUG,MB-723321306 TZBRB 255180002250], RetrieveIndividualCustAndAcctBasicDetails,Success,1161ms. 
[2014-Apr-17 12:10:53.234,DEBUG,MB-723321306 TZBRB 255180002250], RetrieveIndividualCustAcctList,Success,768ms. 
[2014-Apr-17 12:11:05.996,DEBUG,MB-723321306 TZBRB 255180002250], RetrieveIndividualCustAndAcctBasicDetails,Success,2228ms. 
[2014-Apr-17 12:11:06.930,DEBUG,MB-723321306 TZBRB 255180002250], RetrieveIndividualCustAcctList,Success,925ms. 
[2014-Apr-17 12:11:09.617,DEBUG,MB-723321306 TZBRB 255180002250], RetrieveIndividualCustBySCVID,Success,693ms. 
[2014-Apr-17 12:11:11.030,DEBUG,MB-723321306 TZBRB 255180002250], SSAMakeBillPayment,Error,894ms. 
[2014-Apr-17 12:11:14.603,DEBUG,MB2023959566 TZBRB 255180002250], RetrieveIndividualCustAndAcctBasicDetails,Success,969ms. 
[2014-Apr-17 12:11:15.128,DEBUG,MB2023959566 TZBRB 255180002250], RetrieveCustomerQuestionnaire,Success,518ms. 
[2014-Apr-17 12:11:18.037,DEBUG,MB2023959566 TZBRB 255180002250], VerifyPin,Error,562ms. 
[2014-Apr-17 12:11:19.728,DEBUG,MB2023959566 TZBRB 255180002250], RetrieveIndividualCustAndAcctBasicDetails,Success,1067ms. 
[2014-Apr-17 12:11:20.150,DEBUG,MB2023959566 TZBRB 255180002250], RetrieveCustomerQuestionnaire,Success,413ms. 
[2014-Apr-17 12:11:34.836,DEBUG,MB2023959566 TZBRB 255180002250], VerifyPin,Success,1859ms. 
[2014-Apr-17 12:11:36.443,DEBUG,MB2023959566 TZBRB 255180002250], RetrieveIndividualCustAndAcctBasicDetails,Success,1575ms. 
[2014-Apr-17 12:11:37.129,DEBUG,MB2023959566 TZBRB 255180002250], RetrieveIndividualCustBySCVID,Success,680ms. 
[2014-Apr-17 12:11:37.558,DEBUG,MB2023959566 TZBRB 255180002250], RetrieveCASAAcctDetails,Success,423ms. 
[2014-Apr-17 12:11:38.676,DEBUG,MB2023959566 TZBRB 255180002250], RetrieveIndividualCustAndAcctBasicDetails,Success,1098ms. 
[2014-Apr-17 12:11:39.478,DEBUG,MB2023959566 TZBRB 255180002250], RetrieveIndividualCustAcctList,Success,793ms. 
[2014-Apr-17 12:11:39.832,DEBUG,MB2023959566 TZBRB 255180002250], RetrieveCASAAcctDetails,Success,346ms. 
[2014-Apr-17 12:12:12.569,DEBUG,MB2023959566 TZBRB 255180002250], SearchFundsTransferHistory,Success,2555ms. 
[2014-Apr-17 12:12:18.389,DEBUG,MB2023959566 TZBRB 255180002250], SearchFundsTransferHistory,Success,2158ms. 
[2014-Apr-17 12:12:39.520,DEBUG,MB2023959566 TZBRB 255180002250], RetrieveIndividualCustAndAcctBasicDetails,Success,1521ms. 
[2014-Apr-17 12:12:41.341,DEBUG,MB2023959566 TZBRB 255180002250], RetrieveIndividualCustAcctList,Success,1336ms. 
[2014-Apr-17 12:12:44.291,DEBUG,MB2023959566 TZBRB 255180002250], RetrieveIndividualCustAndAcctBasicDetails,Success,1518ms. 
[2014-Apr-17 12:12:45.331,DEBUG,MB2023959566 TZBRB 255180002250], RetrieveIndividualCustAcctList,Success,1033ms. 
[2014-Apr-17 12:12:48.384,DEBUG,MB2023959566 TZBRB 255180002250], RetrieveIndividualCustAndAcctBasicDetails,Success,994ms. 
[2014-Apr-17 12:12:49.281,DEBUG,MB2023959566 TZBRB 255180002250], RetrieveIndividualCustAcctList,Success,889ms. 
[2014-Apr-17 12:12:53.515,DEBUG,MB1430822755 TZBRB 255180002250], RetrieveIndividualCustAndAcctBasicDetails,Success,1086ms. 
[2014-Apr-17 12:12:53.912,DEBUG,MB1430822755 TZBRB 255180002250], RetrieveCustomerQuestionnaire,Success,388ms. 
[2014-Apr-17 12:12:56.390,DEBUG,MB1430822755 TZBRB 255180002250], VerifyPin,Error,540ms. 
[2014-Apr-17 12:12:58.308,DEBUG,MB1430822755 TZBRB 255180002250], RetrieveIndividualCustAndAcctBasicDetails,Success,1238ms. 
[2014-Apr-17 12:12:58.709,DEBUG,MB1430822755 TZBRB 255180002250], RetrieveCustomerQuestionnaire,Success,393ms. 
[2014-Apr-17 12:13:13.704,DEBUG,MB1430822755 TZBRB 255180002250], VerifyPin,Success,2309ms. 
[2014-Apr-17 12:13:15.042,DEBUG,MB1430822755 TZBRB 255180002250], RetrieveIndividualCustAndAcctBasicDetails,Success,1311ms. 
[2014-Apr-17 12:13:15.692,DEBUG,MB1430822755 TZBRB 255180002250], RetrieveIndividualCustBySCVID,Success,642ms. 
[2014-Apr-17 12:13:16.410,DEBUG,MB1430822755 TZBRB 255180002250], RetrieveCASAAcctDetails,Success,712ms. 
[2014-Apr-17 12:13:17.863,DEBUG,MB1430822755 TZBRB 255180002250], RetrieveIndividualCustAndAcctBasicDetails,Success,1438ms. 
[2014-Apr-17 12:13:18.729,DEBUG,MB1430822755 TZBRB 255180002250], RetrieveIndividualCustAcctList,Success,859ms. 
[2014-Apr-17 12:13:19.088,DEBUG,MB1430822755 TZBRB 255180002250], RetrieveCASAAcctDetails,Success,352ms. 
[2014-Apr-17 12:13:44.395,DEBUG,MB807141088 TZBRB 255180002250], RetrieveIndividualCustAndAcctBasicDetails,Success,1556ms. 
[2014-Apr-17 12:13:44.924,DEBUG,MB807141088 TZBRB 255180002250], RetrieveCustomerQuestionnaire,Success,521ms. 
[2014-Apr-17 12:13:47.196,DEBUG,MB807141088 TZBRB 255180002250], VerifyPin,Error,510ms. 
[2014-Apr-17 12:13:49.596,DEBUG,MB807141088 TZBRB 255180002250], RetrieveIndividualCustAndAcctBasicDetails,Success,1605ms. 
[2014-Apr-17 12:13:49.994,DEBUG,MB807141088 TZBRB 255180002250], RetrieveCustomerQuestionnaire,Success,390ms. 
[2014-Apr-17 12:14:03.910,DEBUG,MB807141088 TZBRB 255180002250], VerifyPin,Success,1718ms. 
[2014-Apr-17 12:14:05.209,DEBUG,MB807141088 TZBRB 255180002250], RetrieveIndividualCustAndAcctBasicDetails,Success,1255ms. 
[2014-Apr-17 12:14:05.887,DEBUG,MB807141088 TZBRB 255180002250], RetrieveIndividualCustBySCVID,Success,671ms. 
[2014-Apr-17 12:14:06.267,DEBUG,MB807141088 TZBRB 255180002250], RetrieveCASAAcctDetails,Success,374ms. 
[2014-Apr-17 12:14:07.464,DEBUG,MB807141088 TZBRB 255180002250], RetrieveIndividualCustAndAcctBasicDetails,Success,1181ms. 
[2014-Apr-17 12:14:08.301,DEBUG,MB807141088 TZBRB 255180002250], RetrieveIndividualCustAcctList,Success,831ms. 
[2014-Apr-17 12:14:08.649,DEBUG,MB807141088 TZBRB 255180002250], RetrieveCASAAcctDetails,Success,340ms. 
[2014-Apr-17 12:14:36.472,DEBUG,MB807141088 TZBRB 255180002250], RetrieveIndividualCustAndAcctBasicDetails,Success,2444ms. 
[2014-Apr-17 12:14:37.391,DEBUG,MB807141088 TZBRB 255180002250], RetrieveIndividualCustAcctList,Success,912ms. 
[2014-Apr-17 12:14:39.001,DEBUG,MB807141088 TZBRB 255180002250], RetrieveIndividualCustBeneficiaryList,Success,1167ms. 
[2014-Apr-17 12:14:40.301,DEBUG,MB807141088 TZBRB 255180002250], RetrieveIndividualCustAndAcctBasicDetails,Success,1283ms. 
[2014-Apr-17 12:14:41.152,DEBUG,MB807141088 TZBRB 255180002250], RetrieveIndividualCustAcctList,Success,845ms. 
[2014-Apr-17 12:15:27.233,DEBUG,MB807141088 TZBRB 255180002250], RetrieveCASAAcctDetails,Success,1140ms. 
[2014-Apr-17 12:15:51.369,DEBUG,MB807141088 TZBRB 255180002250], RetrieveCASAAcctDetails,Success,724ms. 
[2014-Apr-17 12:15:54.384,DEBUG,MB807141088 TZBRB 255180002250], AddIndividualBeneficiary,Error,1001ms. 
[2014-Apr-17 12:15:57.656,DEBUG,MB807141088 TZBRB 255180002250], RetrieveCASAAcctDetails,Success,804ms. 
[2014-Apr-17 12:16:04.444,DEBUG,MB807141088 TZBRB 255180002250], AddIndividualBeneficiary,Error,1255ms. 
[2014-Apr-17 12:16:24.648,DEBUG,MB807141088 TZBRB 255180002250], RetrieveCASAAcctDetails,Success,754ms. 
[2014-Apr-17 12:17:15.795,DEBUG,MB807141088 TZBRB 255180002250], RetrieveIndividualCustAndAcctBasicDetails,Success,1564ms. 
[2014-Apr-17 12:17:16.706,DEBUG,MB807141088 TZBRB 255180002250], RetrieveIndividualCustAcctList,Success,905ms. 
[2014-Apr-17 12:17:17.080,DEBUG,MB807141088 TZBRB 255180002250], RetrieveCASAAcctDetails,Success,366ms. 
[2014-Apr-17 12:17:18.213,DEBUG,MB807141088 TZBRB 255180002250], RetrieveIndividualCustAndAcctBasicDetails,Success,1090ms. 
[2014-Apr-17 12:17:18.996,DEBUG,MB807141088 TZBRB 255180002250], RetrieveIndividualCustAcctList,Success,774ms. 
[2014-Apr-17 12:17:20.768,DEBUG,MB807141088 TZBRB 255180002250], RetrieveCASAAcctTransactionActivity,Success,1762ms. 
[2014-Apr-17 12:18:08.581,DEBUG,MB807141088 TZBRB 255180002250], RetrieveIndividualCustAndAcctBasicDetails,Success,1504ms. 
[2014-Apr-17 12:18:09.552,DEBUG,MB807141088 TZBRB 255180002250], RetrieveIndividualCustAcctList,Success,964ms. 
[2014-Apr-17 12:18:10.691,DEBUG,MB807141088 TZBRB 255180002250], RetrieveIndividualCustBeneficiaryList,Success,1130ms. 
[2014-Apr-17 12:18:12.005,DEBUG,MB807141088 TZBRB 255180002250], RetrieveIndividualCustAndAcctBasicDetails,Success,1297ms. 
[2014-Apr-17 12:18:12.865,DEBUG,MB807141088 TZBRB 255180002250], RetrieveIndividualCustAcctList,Success,853ms. 
[2014-Apr-17 12:19:32.702,DEBUG,MB807141088 TZBRB 255180002250], RetrieveIndividualCustAndAcctBasicDetails,Success,1544ms. 
[2014-Apr-17 12:19:33.613,DEBUG,MB807141088 TZBRB 255180002250], RetrieveIndividualCustAcctList,Success,902ms. 
[2014-Apr-17 12:19:38.089,DEBUG,MB807141088 TZBRB 255180002250], RetrieveIndividualCustAndAcctBasicDetails,Success,1118ms. 
[2014-Apr-17 12:19:38.939,DEBUG,MB807141088 TZBRB 255180002250], RetrieveIndividualCustAcctList,Success,844ms. 
[2014-Apr-17 12:19:43.496,DEBUG,MB807141088 TZBRB 255180002250], RetrieveIndividualCustAndAcctBasicDetails,Success,1138ms. 
[2014-Apr-17 12:19:44.405,DEBUG,MB807141088 TZBRB 255180002250], RetrieveIndividualCustAcctList,Success,902ms. 
[2014-Apr-17 12:19:56.214,DEBUG,MB807141088 TZBRB 255180002250], RetrieveIndividualCustAndAcctBasicDetails,Success,1429ms. 
[2014-Apr-17 12:19:57.196,DEBUG,MB807141088 TZBRB 255180002250], RetrieveIndividualCustAcctList,Success,974ms. 
[2014-Apr-17 12:19:57.643,DEBUG,MB807141088 TZBRB 255180002250], RetrieveCASAAcctDetails,Success,388ms. 
[2014-Apr-17 12:20:01.963,DEBUG,MB807141088 TZBRB 255180002250], RetrieveIndividualCustAndAcctBasicDetails,Success,1982ms. 
[2014-Apr-17 12:20:03.246,DEBUG,MB807141088 TZBRB 255180002250], RetrieveIndividualCustAcctList,Success,1274ms. 
[2014-Apr-17 12:20:25.056,DEBUG,MB807141088 TZBRB 255180002250], RetrieveIndividualCustAndAcctBasicDetails,Success,1387ms. 
[2014-Apr-17 12:20:26.079,DEBUG,MB807141088 TZBRB 255180002250], RetrieveIndividualCustAcctList,Success,1015ms. 
[2014-Apr-17 12:20:29.442,DEBUG,MB807141088 TZBRB 255180002250], RetrieveIndividualCustAndAcctBasicDetails,Success,1008ms. 
[2014-Apr-17 12:20:30.304,DEBUG,MB807141088 TZBRB 255180002250], RetrieveIndividualCustAcctList,Success,853ms. 
[2014-Apr-17 12:20:30.692,DEBUG,MB807141088 TZBRB 255180002250], RetrieveCASAAcctDetails,Success,362ms. 
[2014-Apr-17 12:20:43.321,DEBUG,MB807141088 TZBRB 255180002250], RetrieveIndividualCustBySCVID,Success,1153ms. 
[2014-Apr-17 12:20:44.089,DEBUG,MB807141088 TZBRB 255180002250], MakeDomesticFundTransfer,Success,678ms. 
[2014-Apr-17 12:20:56.437,DEBUG,MB807141088 TZBRB 255180002250], RetrieveIndividualCustAndAcctBasicDetails,Success,1485ms. 
[2014-Apr-17 12:20:57.390,DEBUG,MB807141088 TZBRB 255180002250], RetrieveIndividualCustAcctList,Success,945ms. 
[2014-Apr-17 12:20:58.805,DEBUG,MB807141088 TZBRB 255180002250], RetrieveIndividualCustAndAcctBasicDetails,Success,1026ms. 
[2014-Apr-17 12:20:59.686,DEBUG,MB807141088 TZBRB 255180002250], RetrieveIndividualCustAcctList,Success,875ms. 
[2014-Apr-17 12:21:03.190,DEBUG,MB2108588594 TZBRB 255180002250], RetrieveIndividualCustAndAcctBasicDetails,Success,1145ms. 
[2014-Apr-17 12:21:03.610,DEBUG,MB2108588594 TZBRB 255180002250], RetrieveCustomerQuestionnaire,Success,413ms. 
[2014-Apr-17 12:21:06.379,DEBUG,MB2108588594 TZBRB 255180002250], VerifyPin,Error,566ms. 
[2014-Apr-17 12:21:08.131,DEBUG,MB2108588594 TZBRB 255180002250], RetrieveIndividualCustAndAcctBasicDetails,Success,960ms. 
[2014-Apr-17 12:21:08.714,DEBUG,MB2108588594 TZBRB 255180002250], RetrieveCustomerQuestionnaire,Success,575ms. 
[2014-Apr-17 12:21:23.081,DEBUG,MB2108588594 TZBRB 255180002250], VerifyPin,Success,1744ms. 
[2014-Apr-17 12:21:24.224,DEBUG,MB2108588594 TZBRB 255180002250], RetrieveIndividualCustAndAcctBasicDetails,Success,1117ms. 
[2014-Apr-17 12:21:24.873,DEBUG,MB2108588594 TZBRB 255180002250], RetrieveIndividualCustBySCVID,Success,642ms. 
[2014-Apr-17 12:21:25.275,DEBUG,MB2108588594 TZBRB 255180002250], RetrieveCASAAcctDetails,Success,397ms. 
[2014-Apr-17 12:21:26.380,DEBUG,MB2108588594 TZBRB 255180002250], RetrieveIndividualCustAndAcctBasicDetails,Success,1082ms. 
[2014-Apr-17 12:21:27.122,DEBUG,MB2108588594 TZBRB 255180002250], RetrieveIndividualCustAcctList,Success,734ms. 
[2014-Apr-17 12:21:27.973,DEBUG,MB2108588594 TZBRB 255180002250], RetrieveCASAAcctDetails,Success,317ms. 
[2014-Apr-17 12:21:52.831,DEBUG,MB2108588594 TZBRB 255180002250], RetrieveIndividualCustAndAcctBasicDetails,Success,1336ms. 
[2014-Apr-17 12:21:54.073,DEBUG,MB2108588594 TZBRB 255180002250], RetrieveIndividualCustAcctList,Success,1235ms. 
[2014-Apr-17 12:21:55.388,DEBUG,MB2108588594 TZBRB 255180002250], RetrieveIndividualCustBeneficiaryList,Success,1294ms. 
[2014-Apr-17 12:21:56.650,DEBUG,MB2108588594 TZBRB 255180002250], RetrieveIndividualCustAndAcctBasicDetails,Success,1225ms. 
[2014-Apr-17 12:21:57.444,DEBUG,MB2108588594 TZBRB 255180002250], RetrieveIndividualCustAcctList,Success,786ms. 
[2014-Apr-17 12:22:02.648,DEBUG,MB2108588594 TZBRB 255180002250], RetrieveIndividualBeneficiaryDetails,Success,925ms. 
[2014-Apr-17 12:22:03.804,DEBUG,MB2108588594 TZBRB 255180002250], RetrieveIndividualBeneficiaryDetails,Success,1093ms. 
[2014-Apr-17 12:22:04.554,DEBUG,MB2108588594 TZBRB 255180002250], DeleteIndividualCustBeneficiary,Success,715ms. 
[2014-Apr-17 12:23:03.897,DEBUG,MB2108588594 TZBRB 255180002250], AddIndividualBeneficiary,Success,1471ms. 
[2014-Apr-17 12:23:29.343,DEBUG,MB2108588594 TZBRB 255180002250], AddIndividualBeneficiary,Error,1270ms. 
[2014-Apr-17 12:24:25.994,DEBUG,MB2108588594 TZBRB 255180002250], AddIndividualBeneficiary,Error,1788ms. 
[2014-Apr-17 12:24:52.704,DEBUG,MB2108588594 TZBRB 255180002250], RetrieveIndividualCustAndAcctBasicDetails,Success,1333ms. 
[2014-Apr-17 12:24:53.578,DEBUG,MB2108588594 TZBRB 255180002250], RetrieveIndividualCustAcctList,Success,867ms. 
[2014-Apr-17 12:24:54.671,DEBUG,MB2108588594 TZBRB 255180002250], RetrieveIndividualCustBeneficiaryList,Success,1081ms. 
[2014-Apr-17 12:24:56.553,DEBUG,MB2108588594 TZBRB 255180002250], RetrieveIndividualCustAndAcctBasicDetails,Success,1333ms. 
[2014-Apr-17 12:24:57.427,DEBUG,MB2108588594 TZBRB 255180002250], RetrieveIndividualCustAcctList,Success,866ms. 
[2014-Apr-17 12:25:27.861,DEBUG,MB2108588594 TZBRB 255180002250], RetrieveIndividualCustAndAcctBasicDetails,Success,1660ms. 
[2014-Apr-17 12:25:28.997,DEBUG,MB2108588594 TZBRB 255180002250], RetrieveIndividualCustAcctList,Success,1128ms. 
[2014-Apr-17 12:25:30.205,DEBUG,MB2108588594 TZBRB 255180002250], RetrieveIndividualBeneficiaryDetails,Success,806ms. 
[2014-Apr-17 12:25:31.294,DEBUG,MB2108588594 TZBRB 255180002250], RetrieveIndividualCustAndAcctBasicDetails,Success,1081ms. 
[2014-Apr-17 12:25:32.100,DEBUG,MB2108588594 TZBRB 255180002250], RetrieveIndividualCustAcctList,Success,800ms. 
[2014-Apr-17 12:25:39.766,DEBUG,MB2108588594 TZBRB 255180002250], RetrieveIndividualCustAndAcctBasicDetails,Success,1438ms. 
[2014-Apr-17 12:25:40.636,DEBUG,MB2108588594 TZBRB 255180002250], RetrieveIndividualCustAcctList,Success,863ms. 
[2014-Apr-17 12:25:42.802,DEBUG,MB2108588594 TZBRB 255180002250], RetrieveIndividualCustBeneficiaryList,Success,2158ms. 
[2014-Apr-17 12:25:44.516,DEBUG,MB2108588594 TZBRB 255180002250], RetrieveIndividualCustAndAcctBasicDetails,Success,1682ms. 
[2014-Apr-17 12:25:45.375,DEBUG,MB2108588594 TZBRB 255180002250], RetrieveIndividualCustAcctList,Success,853ms. 
[2014-Apr-17 12:25:53.551,DEBUG,MB2108588594 TZBRB 255180002250], RetrieveIndividualCustAndAcctBasicDetails,Success,1416ms. 
[2014-Apr-17 12:25:55.007,DEBUG,MB2108588594 TZBRB 255180002250], RetrieveIndividualCustAcctList,Success,1004ms. 
[2014-Apr-17 12:25:56.067,DEBUG,MB2108588594 TZBRB 255180002250], RetrieveIndividualCustBeneficiaryList,Success,1052ms. 
[2014-Apr-17 12:25:57.238,DEBUG,MB2108588594 TZBRB 255180002250], RetrieveIndividualCustAndAcctBasicDetails,Success,1144ms. 
[2014-Apr-17 12:25:58.234,DEBUG,MB2108588594 TZBRB 255180002250], RetrieveIndividualCustAcctList,Success,986ms. 
[2014-Apr-17 12:26:04.049,DEBUG,MB2108588594 TZBRB 255180002250], RetrieveIndividualCustAndAcctBasicDetails,Success,1005ms. 
[2014-Apr-17 12:26:05.408,DEBUG,MB2108588594 TZBRB 255180002250], RetrieveIndividualCustAcctList,Success,971ms. 
[2014-Apr-17 12:26:06.229,DEBUG,MB2108588594 TZBRB 255180002250], RetrieveIndividualBeneficiaryDetails,Success,794ms. 
[2014-Apr-17 12:26:07.420,DEBUG,MB2108588594 TZBRB 255180002250], RetrieveIndividualCustAndAcctBasicDetails,Success,1184ms. 
[2014-Apr-17 12:26:08.222,DEBUG,MB2108588594 TZBRB 255180002250], RetrieveIndividualCustAcctList,Success,795ms. 
[2014-Apr-17 12:26:20.806,DEBUG,MB2108588594 TZBRB 255180002250], RetrieveIndividualCustBySCVID,Success,1073ms. 
[2014-Apr-17 12:26:21.368,DEBUG,MB2108588594 TZBRB 255180002250], MakeDomesticFundTransfer,Error,552ms. 
[2014-Apr-17 12:26:51.757,DEBUG,MB2108588594 TZBRB 255180002250], RetrieveIndividualCustAndAcctBasicDetails,Success,1584ms. 
[2014-Apr-17 12:26:52.667,DEBUG,MB2108588594 TZBRB 255180002250], RetrieveIndividualCustAcctList,Success,902ms. 
[2014-Apr-17 12:26:53.693,DEBUG,MB2108588594 TZBRB 255180002250], RetrieveIndividualCustBeneficiaryList,Success,1015ms. 
[2014-Apr-17 12:26:55.031,DEBUG,MB2108588594 TZBRB 255180002250], RetrieveIndividualCustAndAcctBasicDetails,Success,967ms. 
[2014-Apr-17 12:26:59.566,DEBUG,MB2108588594 TZBRB 255180002250], RetrieveIndividualCustAcctList,Success,4527ms. 
[2014-Apr-17 12:27:08.549,WARN,MB2108588594 TZBRB 255180002250], RetrieveIndividualCustAndAcctBasicDetails,Success,5217ms. 
[2014-Apr-17 12:27:12.758,DEBUG,MB2108588594 TZBRB 255180002250], RetrieveIndividualCustAcctList,Success,4203ms. 
[2014-Apr-17 12:27:17.391,DEBUG,MB2108588594 TZBRB 255180002250], RetrieveIndividualCustBeneficiaryList,Success,4624ms. 
[2014-Apr-17 12:27:22.203,DEBUG,MB2108588594 TZBRB 255180002250], RetrieveIndividualCustAndAcctBasicDetails,Success,4781ms. 
[2014-Apr-17 12:27:27.551,DEBUG,MB2108588594 TZBRB 255180002250], RetrieveIndividualCustAcctList,Success,4876ms. 
[2014-Apr-17 12:28:01.519,DEBUG,MB2108588594 TZBRB 255180002250], AddIndividualBeneficiary,Error,4823ms. 
[2014-Apr-17 12:28:19.217,DEBUG,MB1592678841 TZBRB 255180002250], RetrieveIndividualCustAndAcctBasicDetails,Success,4322ms. 
[2014-Apr-17 12:28:22.997,DEBUG,MB1592678841 TZBRB 255180002250], RetrieveCustomerQuestionnaire,Success,3773ms. 
[2014-Apr-17 12:28:29.586,DEBUG,MB1592678841 TZBRB 255180002250], VerifyPin,Error,4181ms. 
[2014-Apr-17 12:28:33.403,DEBUG,MB1592678841 TZBRB 255180002250], RetrieveIndividualCustAndAcctBasicDetails,Success,2847ms. 
[2014-Apr-17 12:28:33.789,DEBUG,MB1592678841 TZBRB 255180002250], RetrieveCustomerQuestionnaire,Success,380ms. 
[2014-Apr-17 12:28:49.186,DEBUG,MB1592678841 TZBRB 255180002250], VerifyPin,Success,2467ms. 
[2014-Apr-17 12:28:50.363,DEBUG,MB1592678841 TZBRB 255180002250], RetrieveIndividualCustAndAcctBasicDetails,Success,1133ms. 
[2014-Apr-17 12:28:50.984,DEBUG,MB1592678841 TZBRB 255180002250], RetrieveIndividualCustBySCVID,Success,616ms. 
[2014-Apr-17 12:28:51.324,DEBUG,MB1592678841 TZBRB 255180002250], RetrieveCASAAcctDetails,Success,334ms. 
[2014-Apr-17 12:28:52.757,DEBUG,MB1592678841 TZBRB 255180002250], RetrieveIndividualCustAndAcctBasicDetails,Success,1410ms. 
[2014-Apr-17 12:28:53.766,DEBUG,MB1592678841 TZBRB 255180002250], RetrieveIndividualCustAcctList,Success,1004ms. 
[2014-Apr-17 12:28:54.118,DEBUG,MB1592678841 TZBRB 255180002250], RetrieveCASAAcctDetails,Success,343ms. 
[2014-Apr-17 12:29:13.952,DEBUG,MB1592678841 TZBRB 255180002250], RetrieveIndividualCustAndAcctBasicDetails,Success,1579ms. 
[2014-Apr-17 12:29:14.848,DEBUG,MB1592678841 TZBRB 255180002250], RetrieveIndividualCustAcctList,Success,889ms. 
[2014-Apr-17 12:29:15.199,DEBUG,MB1592678841 TZBRB 255180002250], RetrieveCASAAcctDetails,Success,342ms. 
[2014-Apr-17 12:29:16.425,DEBUG,MB1592678841 TZBRB 255180002250], RetrieveIndividualCustAndAcctBasicDetails,Success,1196ms. 
[2014-Apr-17 12:29:17.201,DEBUG,MB1592678841 TZBRB 255180002250], RetrieveIndividualCustAcctList,Success,769ms. 
[2014-Apr-17 12:29:18.862,DEBUG,MB1592678841 TZBRB 255180002250], RetrieveCASAAcctTransactionActivity,Success,1646ms. 
[2014-Apr-17 12:29:22.746,DEBUG,MB-103804381 TZBRB 255180002250], RetrieveIndividualCustAndAcctBasicDetails,Success,1004ms. 
[2014-Apr-17 12:29:23.195,DEBUG,MB-103804381 TZBRB 255180002250], RetrieveCustomerQuestionnaire,Success,442ms. 
[2014-Apr-17 12:29:26.063,DEBUG,MB-103804381 TZBRB 255180002250], VerifyPin,Error,746ms. 
[2014-Apr-17 12:29:27.914,DEBUG,MB-103804381 TZBRB 255180002250], RetrieveIndividualCustAndAcctBasicDetails,Success,1034ms. 
[2014-Apr-17 12:29:28.460,DEBUG,MB-103804381 TZBRB 255180002250], RetrieveCustomerQuestionnaire,Success,538ms. 
[2014-Apr-17 12:29:42.903,DEBUG,MB-103804381 TZBRB 255180002250], VerifyPin,Success,1819ms. 
[2014-Apr-17 12:29:44.349,DEBUG,MB-103804381 TZBRB 255180002250], RetrieveIndividualCustAndAcctBasicDetails,Success,1420ms. 
[2014-Apr-17 12:29:45.007,DEBUG,MB-103804381 TZBRB 255180002250], RetrieveIndividualCustBySCVID,Success,652ms. 
[2014-Apr-17 12:29:45.379,DEBUG,MB-103804381 TZBRB 255180002250], RetrieveCASAAcctDetails,Success,366ms. 
[2014-Apr-17 12:29:46.586,DEBUG,MB-103804381 TZBRB 255180002250], RetrieveIndividualCustAndAcctBasicDetails,Success,1191ms. 
[2014-Apr-17 12:29:47.516,DEBUG,MB-103804381 TZBRB 255180002250], RetrieveIndividualCustAcctList,Success,922ms. 
[2014-Apr-17 12:29:47.873,DEBUG,MB-103804381 TZBRB 255180002250], RetrieveCASAAcctDetails,Success,349ms. 
[2014-Apr-17 12:30:08.895,DEBUG,MB-103804381 TZBRB 255180002250], RetrieveIndividualCustAndAcctBasicDetails,Success,1243ms. 
[2014-Apr-17 12:30:10.392,DEBUG,MB-103804381 TZBRB 255180002250], RetrieveIndividualCustAcctList,Success,1492ms. 
[2014-Apr-17 12:30:42.748,DEBUG,MB-103804381 TZBRB 255180002250], RetrieveIndividualCustAndAcctBasicDetails,Success,1546ms. 
[2014-Apr-17 12:30:43.699,DEBUG,MB-103804381 TZBRB 255180002250], RetrieveIndividualCustAcctList,Success,943ms. 
[2014-Apr-17 12:30:51.826,DEBUG,MB-103804381 TZBRB 255180002250], RetrieveIndividualCustAndAcctBasicDetails,Success,1348ms. 
[2014-Apr-17 12:30:53.223,DEBUG,MB-103804381 TZBRB 255180002250], RetrieveIndividualCustAcctList,Success,886ms. 
[2014-Apr-17 12:30:57.804,DEBUG,MB-103804381 TZBRB 255180002250], RetrieveIndividualCustAndAcctBasicDetails,Success,1158ms. 
[2014-Apr-17 12:30:58.682,DEBUG,MB-103804381 TZBRB 255180002250], RetrieveIndividualCustAcctList,Success,870ms. 
[2014-Apr-17 12:31:07.091,DEBUG,MB-103804381 TZBRB 255180002250], RetrieveIndividualCustAndAcctBasicDetails,Success,1436ms. 
[2014-Apr-17 12:31:08.086,DEBUG,MB-103804381 TZBRB 255180002250], RetrieveIndividualCustAcctList,Success,981ms. 
[2014-Apr-17 12:31:11.296,DEBUG,MB-103804381 TZBRB 255180002250], RetrieveIndividualCustBySCVID,Success,667ms. 
[2014-Apr-17 12:31:12.057,DEBUG,MB-103804381 TZBRB 255180002250], SSAMakeBillPayment,Error,752ms. 
[2014-Apr-17 12:31:26.568,DEBUG,MB-1066230735 TZBRB 255180002250], RetrieveIndividualCustAndAcctBasicDetails,Success,1653ms. 
[2014-Apr-17 12:31:27.142,DEBUG,MB-1066230735 TZBRB 255180002250], RetrieveCustomerQuestionnaire,Success,566ms. 
[2014-Apr-17 12:31:30.298,DEBUG,MB-1066230735 TZBRB 255180002250], VerifyPin,Error,531ms. 
[2014-Apr-17 12:31:32.303,DEBUG,MB-1066230735 TZBRB 255180002250], RetrieveIndividualCustAndAcctBasicDetails,Success,1203ms. 
[2014-Apr-17 12:31:32.721,DEBUG,MB-1066230735 TZBRB 255180002250], RetrieveCustomerQuestionnaire,Success,411ms. 
[2014-Apr-17 12:31:47.203,DEBUG,MB-1066230735 TZBRB 255180002250], VerifyPin,Success,1662ms. 
[2014-Apr-17 12:31:48.340,DEBUG,MB-1066230735 TZBRB 255180002250], RetrieveIndividualCustAndAcctBasicDetails,Success,1113ms. 
[2014-Apr-17 12:31:48.932,DEBUG,MB-1066230735 TZBRB 255180002250], RetrieveIndividualCustBySCVID,Success,587ms. 
[2014-Apr-17 12:31:49.294,DEBUG,MB-1066230735 TZBRB 255180002250], RetrieveCASAAcctDetails,Success,356ms. 
[2014-Apr-17 12:31:50.665,DEBUG,MB-1066230735 TZBRB 255180002250], RetrieveIndividualCustAndAcctBasicDetails,Success,1351ms. 
[2014-Apr-17 12:31:51.941,DEBUG,MB-1066230735 TZBRB 255180002250], RetrieveIndividualCustAcctList,Success,831ms. 
[2014-Apr-17 12:31:52.264,DEBUG,MB-1066230735 TZBRB 255180002250], RetrieveCASAAcctDetails,Success,315ms. 
[2014-Apr-17 12:32:19.956,DEBUG,MB-1066230735 TZBRB 255180002250], RetrieveIndividualCustAndAcctBasicDetails,Success,1557ms. 
[2014-Apr-17 12:32:21.007,DEBUG,MB-1066230735 TZBRB 255180002250], RetrieveIndividualCustAcctList,Success,1045ms. 
[2014-Apr-17 12:32:54.514,DEBUG,MB-1066230735 TZBRB 255180002250], RetrieveIndividualCustAndAcctBasicDetails,Success,1626ms. 
[2014-Apr-17 12:32:55.429,DEBUG,MB-1066230735 TZBRB 255180002250], RetrieveIndividualCustAcctList,Success,908ms. 
[2014-Apr-17 12:33:08.370,DEBUG,MB-1066230735 TZBRB 255180002250], RetrieveIndividualCustAndAcctBasicDetails,Success,1901ms. 
[2014-Apr-17 12:33:09.291,DEBUG,MB-1066230735 TZBRB 255180002250], RetrieveIndividualCustAcctList,Success,913ms. 
[2014-Apr-17 12:33:13.642,DEBUG,MB-1066230735 TZBRB 255180002250], RetrieveIndividualCustAndAcctBasicDetails,Success,944ms. 
[2014-Apr-17 12:33:14.554,DEBUG,MB-1066230735 TZBRB 255180002250], RetrieveIndividualCustAcctList,Success,905ms. 
[2014-Apr-17 12:33:22.549,DEBUG,MB-1066230735 TZBRB 255180002250], RetrieveIndividualCustAndAcctBasicDetails,Success,1375ms. 
[2014-Apr-17 12:33:23.508,DEBUG,MB-1066230735 TZBRB 255180002250], RetrieveIndividualCustAcctList,Success,951ms. 
[2014-Apr-17 12:33:35.940,DEBUG,MB-1066230735 TZBRB 255180002250], RetrieveIndividualCustBySCVID,Success,1190ms. 
[2014-Apr-17 12:33:37.012,DEBUG,MB-1066230735 TZBRB 255180002250], SSAMakeBillPayment,Error,1063ms. 
[2014-Apr-17 12:33:40.855,DEBUG,MB-844988450 TZBRB 255180002250], RetrieveIndividualCustAndAcctBasicDetails,Success,959ms. 
[2014-Apr-17 12:33:41.737,DEBUG,MB-844988450 TZBRB 255180002250], RetrieveCustomerQuestionnaire,Success,399ms. 
[2014-Apr-17 12:33:44.551,DEBUG,MB-844988450 TZBRB 255180002250], VerifyPin,Error,559ms. 
[2014-Apr-17 12:33:46.527,DEBUG,MB-844988450 TZBRB 255180002250], RetrieveIndividualCustAndAcctBasicDetails,Success,1216ms. 
[2014-Apr-17 12:33:46.916,DEBUG,MB-844988450 TZBRB 255180002250], RetrieveCustomerQuestionnaire,Success,381ms. 
[2014-Apr-17 12:34:01.953,DEBUG,MB-844988450 TZBRB 255180002250], VerifyPin,Success,1613ms. 
[2014-Apr-17 12:34:03.149,DEBUG,MB-844988450 TZBRB 255180002250], RetrieveIndividualCustAndAcctBasicDetails,Success,1174ms. 
[2014-Apr-17 12:34:04.304,DEBUG,MB-844988450 TZBRB 255180002250], RetrieveIndividualCustBySCVID,Success,741ms. 
[2014-Apr-17 12:34:04.667,DEBUG,MB-844988450 TZBRB 255180002250], RetrieveCASAAcctDetails,Success,357ms. 
[2014-Apr-17 12:34:05.827,DEBUG,MB-844988450 TZBRB 255180002250], RetrieveIndividualCustAndAcctBasicDetails,Success,1142ms. 
[2014-Apr-17 12:34:06.796,DEBUG,MB-844988450 TZBRB 255180002250], RetrieveIndividualCustAcctList,Success,963ms. 
[2014-Apr-17 12:34:07.129,DEBUG,MB-844988450 TZBRB 255180002250], RetrieveCASAAcctDetails,Success,324ms. 
[2014-Apr-17 12:34:42.406,DEBUG,MB-844988450 TZBRB 255180002250], UpdatePin,Success,714ms. 
[2014-Apr-17 12:34:55.346,DEBUG,MB-844988450 TZBRB 255180002250], UpdatePin,Error,896ms. 
[2014-Apr-17 12:35:07.600,DEBUG,MB-844988450 TZBRB 255180002250], UpdatePin,Success,767ms. 
[2014-Apr-17 12:35:22.740,DEBUG,MB-844988450 TZBRB 255180002250], UpdatePin,Success,1036ms. 
[2014-Apr-17 12:35:37.345,DEBUG,MB-844988450 TZBRB 255180002250], UpdatePin,Success,725ms. 
[2014-Apr-17 12:35:49.925,DEBUG,MB-844988450 TZBRB 255180002250], UpdatePin,Error,881ms. 
[2014-Apr-17 12:36:00.716,DEBUG,MB-844988450 TZBRB 255180002250], UpdatePin,Success,981ms. 
[2014-Apr-17 12:36:13.187,DEBUG,MB-844988450 TZBRB 255180002250], UpdatePin,Success,849ms. 
[2014-Apr-17 12:36:16.958,DEBUG,MB2122174996 TZBRB 255180002250], RetrieveIndividualCustAndAcctBasicDetails,Success,1021ms. 
[2014-Apr-17 12:36:17.530,DEBUG,MB2122174996 TZBRB 255180002250], RetrieveCustomerQuestionnaire,Success,565ms. 
[2014-Apr-17 12:36:20.324,DEBUG,MB2122174996 TZBRB 255180002250], VerifyPin,Error,556ms. 
[2014-Apr-17 12:36:22.595,DEBUG,MB2122174996 TZBRB 255180002250], RetrieveIndividualCustAndAcctBasicDetails,Success,1130ms. 
[2014-Apr-17 12:36:22.973,DEBUG,MB2122174996 TZBRB 255180002250], RetrieveCustomerQuestionnaire,Success,370ms. 
[2014-Apr-17 12:36:37.790,DEBUG,MB2122174996 TZBRB 255180002250], VerifyPin,Success,2001ms. 
[2014-Apr-17 12:36:39.469,DEBUG,MB2122174996 TZBRB 255180002250], RetrieveIndividualCustAndAcctBasicDetails,Success,1132ms. 
[2014-Apr-17 12:36:40.147,DEBUG,MB2122174996 TZBRB 255180002250], RetrieveIndividualCustBySCVID,Success,672ms. 
[2014-Apr-17 12:36:40.562,DEBUG,MB2122174996 TZBRB 255180002250], RetrieveCASAAcctDetails,Success,407ms. 
[2014-Apr-17 12:36:41.774,DEBUG,MB2122174996 TZBRB 255180002250], RetrieveIndividualCustAndAcctBasicDetails,Success,1176ms. 
[2014-Apr-17 12:36:42.689,DEBUG,MB2122174996 TZBRB 255180002250], RetrieveIndividualCustAcctList,Success,908ms. 
[2014-Apr-17 12:36:43.090,DEBUG,MB2122174996 TZBRB 255180002250], RetrieveCASAAcctDetails,Success,394ms. 
[2014-Apr-17 12:37:11.109,DEBUG,MB2122174996 TZBRB 255180002250], UpdateHelloMoneyCustomer,Success,1212ms. 
[2014-Apr-17 12:37:18.680,DEBUG,MB811461589 TZBRB 255180002250], RetrieveIndividualCustAndAcctBasicDetails,Success,1410ms. 
[2014-Apr-17 12:37:19.214,DEBUG,MB811461589 TZBRB 255180002250], RetrieveCustomerQuestionnaire,Success,527ms. 
[2014-Apr-17 12:37:23.146,DEBUG,MB811461589 TZBRB 255180002250], VerifyPin,Success,1269ms. 
[2014-Apr-17 12:37:24.170,DEBUG,MB811461589 TZBRB 255180002250], RetrieveIndividualCustAndAcctBasicDetails,Success,1004ms. 
[2014-Apr-17 12:37:24.957,DEBUG,MB811461589 TZBRB 255180002250], RetrieveIndividualCustBySCVID,Success,782ms. 
[2014-Apr-17 12:37:25.881,DEBUG,MB811461589 TZBRB 255180002250], RetrieveCASAAcctDetails,Success,917ms. 
[2014-Apr-17 12:37:26.894,DEBUG,MB811461589 TZBRB 255180002250], RetrieveIndividualCustAndAcctBasicDetails,Success,994ms. 
[2014-Apr-17 12:37:27.609,DEBUG,MB811461589 TZBRB 255180002250], RetrieveIndividualCustAcctList,Success,709ms. 
[2014-Apr-17 12:37:28.119,DEBUG,MB811461589 TZBRB 255180002250], RetrieveCASAAcctDetails,Success,481ms. 
[2014-Apr-17 12:37:46.933,DEBUG,MB811461589 TZBRB 255180002250], UpdateHelloMoneyCustomer,Success,1363ms. 