Service Name,Host,Error Count,PP Error Code,PP Error Msg
Application Accessed,MCE,11,9999,9999
Cash Send,MV,7,09,money voucher purchase failed  creation of voucher failed
Login,SHM,12,null,null
Utility Bill payment,CELLULANT,15,174,Your transaction was unsuccessful
Utility Bill payment,CELLULANT,15,175,Your transaction is completed.  Please confirm with the recipients mobile number or view your transaction history before repeating the transaction.
Register Beneficiery,MCE,11,1123,The account number specified already exists.
Register Beneficiery,MCE,11,1121,The Nick Name specified already exists.
Utility Bill payment,CELLULANT,15,174,Your transaction was unsuccessful
Utility Bill payment,CELLULANT,15,175,Your transaction is completed.  Please confirm with the recipients mobile number or view your transaction history before repeating the transaction.
Utility Bill payment,CELLULANT,15,174,Your transaction was unsuccessful
Utility Bill payment,CELLULANT,15,175,Your transaction is completed.  Please confirm with the recipients mobile number or view your transaction history before repeating the transaction.
Utility Bill payment,CELLULANT,15,174,Your transaction was unsuccessful
Utility Bill payment,CELLULANT,15,175,Your transaction is completed.  Please confirm with the recipients mobile number or view your transaction history before repeating the transaction.
