MobileNo,Country,TimeStamp,SessionId,BEM ErrorCode,Cust Ref Id,Service Name,Host,PP Error Code,PP Error Msg
31412568388926||Application Accessed||MCE||11||9999||9999
4141257401||Cash Send||MV||7||09||money voucher purchase failed  creation of voucher failed
null||Login||SHM||12||null||null
91412579817456||Utility Bill payment||CELLULANT||15||174||Your transaction was unsuccessful
91412579912805||Utility Bill payment||CELLULANT||15||175||Your transaction is completed.  Please confirm with the recipients mobile number or view your transaction history before repeating the transaction.
91412580342159||Register Beneficiery||MCE||11||1123||The account number specified already exists.
61412580356777||Register Beneficiery||MCE||11||1121||The Nick Name specified already exists.
71412584800547||Utility Bill payment||CELLULANT||15||174||Your transaction was unsuccessful
61412585525849||Utility Bill payment||CELLULANT||15||175||Your transaction is completed.  Please confirm with the recipients mobile number or view your transaction history before repeating the transaction.
31412587422296||Utility Bill payment||CELLULANT||15||174||Your transaction was unsuccessful
61412588452562||Utility Bill payment||CELLULANT||15||175||Your transaction is completed.  Please confirm with the recipients mobile number or view your transaction history before repeating the transaction.
41412589859409||Utility Bill payment||CELLULANT||15||174||Your transaction was unsuccessful
01412590325222||Utility Bill payment||CELLULANT||15||175||Your transaction is completed.  Please confirm with the recipients mobile number or view your transaction history before repeating the transaction.
