MobileNo,Country,TimeStamp,SessionId,BEM ErrorCode,Cust Ref Id,Service Name,Host,PP Error Code,PP Error Msg
254723499996,KE,Mon Oct 06 05:13:06 IST 2014, MB1333953734,06655,11412568773910,Self Reg,MCE,9999,9999
254150000122,KE,Mon Oct 06 06:40:31 IST 2014, MB737622315,07709,4141257401,Cash Send,MV,09,money voucher purchase failed - creation of voucher failed
254150000122,KE,Mon Oct 06 06:48:00 IST 2014, MB-1007183058,07709,8141257447,Cash Send,MV,09,money voucher purchase failed - creation of voucher failed
254150000122,KE,Mon Oct 06 06:49:12 IST 2014, MB-1688778519,07709,9141257454,Cash Send,MV,09,money voucher purchase failed - creation of voucher failed
254150000122,KE,Mon Oct 06 06:55:35 IST 2014, MB1499843646,07709,9141257492,Cash Send,MV,09,money voucher purchase failed - creation of voucher failed
254150000122,KE,Mon Oct 06 07:13:33 IST 2014, MB-408393769,null,SHM,Login,SHM,SHM,SHM
254150000122,KE,Mon Oct 06 07:14:49 IST 2014, MB-160198747,null,SHM,Login,SHM,SHM,SHM
254150000122,KE,Mon Oct 06 07:16:32 IST 2014, MB775077034,07709,9141257618,Cash Send,MV,09,money voucher purchase failed - creation of voucher failed
254150000122,KE,Mon Oct 06 08:04:17 IST 2014, MB-555211275,07709,7141257904,Cash Send,MV,09,money voucher purchase failed - creation of voucher failed
254150000122,KE,Mon Oct 06 08:16:26 IST 2014, MB272141582,07709,2141257977,Cash Send,MV,09,money voucher purchase failed - creation of voucher failed
254150000122,KE,Mon Oct 06 08:17:10 IST 2014, MB122281243,09999,91412579817456,MakeBillPayment,CELLULANT,174,Your transaction was unsuccessful
254150000122,KE,Mon Oct 06 08:17:48 IST 2014, MB-1330901766,09999,41412579859330,MakeBillPayment,CELLULANT,174,Your transaction was unsuccessful
254150000122,KE,Mon Oct 06 08:18:15 IST 2014, MB-1330901766,09999,91412579884563,MakeBillPayment,CELLULANT,174,Your transaction was unsuccessful
254150000122,KE,Mon Oct 06 08:19:07 IST 2014, MB-1330901766,09999,91412579912805,MakeBillPayment,CELLULANT,175,Your transaction is completed.  Please confirm with the recipients mobile number or view your transaction history before repeating the transaction.
254150000122,KE,Mon Oct 06 08:25:44 IST 2014, MB326531172,06698,91412580342159,Register Beneficiary,MCE,1123,The account number specified already exists.
254150000122,KE,Mon Oct 06 08:25:59 IST 2014, MB326531172,06696,61412580356777,Register Beneficiary,MCE,1121,The Nick Name specified already exists.
254150000122,KE,Mon Oct 06 09:40:13 IST 2014, MB949727297,09999,71412584800547,MakeBillPayment,CELLULANT,174,Your transaction was unsuccessful
254150000122,KE,Mon Oct 06 09:46:34 IST 2014, MB-685108442,09999,51412585180582,MakeBillPayment,CELLULANT,174,Your transaction was unsuccessful
254150000122,KE,Mon Oct 06 09:50:44 IST 2014, MB837648885,09999,01412585432719,MakeBillPayment,CELLULANT,174,Your transaction was unsuccessful
254150000122,KE,Mon Oct 06 09:51:23 IST 2014, MB1441531728,09999,71412585473423,MakeBillPayment,CELLULANT,174,Your transaction was unsuccessful
254150000122,KE,Mon Oct 06 09:51:49 IST 2014, MB1441531728,09999,61412585499017,MakeBillPayment,CELLULANT,174,Your transaction was unsuccessful
254150000122,KE,Mon Oct 06 09:52:39 IST 2014, MB1441531728,09999,61412585525849,MakeBillPayment,CELLULANT,175,Your transaction is completed.  Please confirm with the recipients mobile number or view your transaction history before repeating the transaction.
150000122,KE,Mon Oct 06 10:24:43 IST 2014, MB-1571071695,09999,31412587422296,MakeBillPayment,CELLULANT,174,Your transaction was unsuccessful
150000122,KE,Mon Oct 06 10:26:42 IST 2014, MB-1571071695,null,SHM,Bal Enq Main Acc,SHM,SHM,SHM
150000122,KE,Mon Oct 06 10:26:49 IST 2014, MB-1571071695,null,SHM,Bal Enq Main Acc,SHM,SHM,SHM
150000122,KE,Mon Oct 06 10:27:24 IST 2014, MB-1571071695,null,SHM,Bal Enq Main Acc,SHM,SHM,SHM
254150000122,KE,Mon Oct 06 10:39:16 IST 2014, MB197780099,09999,71412588344400,MakeBillPayment,CELLULANT,174,Your transaction was unsuccessful
150000122,KE,Mon Oct 06 10:42:07 IST 2014, MB251685646,09999,61412588452562,MakeBillPayment,CELLULANT,175,Your transaction is completed.  Please confirm with the recipients mobile number or view your transaction history before repeating the transaction.
150000122,KE,Mon Oct 06 10:44:13 IST 2014, MB251685646,null,SHM,Bal Enq Main Acc,SHM,SHM,SHM
150000122,KE,Mon Oct 06 11:05:00 IST 2014, MB-621522165,09999,41412589859409,MakeBillPayment,CELLULANT,174,Your transaction was unsuccessful
150000122,KE,Mon Oct 06 11:11:22 IST 2014, MB922593973,null,SHM,Login,SHM,SHM,SHM
150000122,KE,Mon Oct 06 11:12:54 IST 2014, MB1206540868,09999,01412590325222,MakeBillPayment,CELLULANT,175,Your transaction is completed.  Please confirm with the recipients mobile number or view your transaction history before repeating the transaction.
