ServiceName,Total Time Taken,BEM service time taken, BEM Perc, SHM Time taken, SHM Perc
Login,0.6,5.7,950.0,-5.1000000000000005,-850.0000000000001
Change Pin,0.0,0.0,0.0,0.0,0.0
Lang Pref,0.6,0.6,100.0,0.0,0.0
Bal Enq Main Acc,1.5,4.4,293.33333333333337,-2.9000000000000004,-193.33333333333337
Mini Statement Main Acc,0.0,0.0,0.0,0.0,0.0
External Bank Account Fund Tx,0.0,0.0,0.0,0.0,0.0
Oth Barc Fund Tx Registered,0.0,0.0,0.0,0.0,0.0
View Billers,1.2,2.9000000000000004,241.6666666666667,-1.7000000000000004,-141.66666666666669
Utility Bill Payment,0.0,0.0,0.0,0.0,0.0
Register Billers,0.0,0.0,0.0,0.0,0.0
Delete Beneficiary,0.4,0.6000000000000001,150.0,-0.20000000000000007,-50.000000000000014
Register Beneficiary,0.2,1.8,900.0,-1.6,-800.0
View Lst Paid Bills,0.2,1.3,650.0,-1.1,-550.0
Statement Request,0.0,0.0,0.0,0.0,0.0
Cheque Book Request,0.0,0.0,0.0,0.0,0.0
verify User,0.0,0.0,0.0,0.0,0.0
