2014-Oct-27 17:05:57.829,[MB-1159645285, TZBRB, 255659800308],This is the UnRegistered User
2014-Oct-27 17:05:58.438,[MB-1159645285, TZBRB, 255659800308],OP0214,ERROR,BEM08777,22291 ms, 18281ms, RetrieveIndividualCustAndAcctBasicDetails,Success,17283ms.,91414409736428,;RetrieveCustomerQuestionnaire,Error,998ms.,91414409736428,08777,CRYPTO,9112,UnknownAlias,91414409736428,;

2014-Oct-27 17:06:01.230,[MB-2108762708, TZBRB, 255659800308],This is the UnRegistered User
2014-Oct-27 17:06:01.277,[MB-2108762708, TZBRB, 255659800308],OP0214,ERROR,BEM08777,2699 ms, 1764ms, RetrieveIndividualCustAndAcctBasicDetails,Success,1576ms.,91414409758828,;RetrieveCustomerQuestionnaire,Error,188ms.,91414409758828,08777,CRYPTO,9112,UnknownAlias,91414409758828,;

2014-Oct-28 13:15:01.755,[MB-1403254739, TZBRB, 255763210278],null,13697 ms, 0ms,

2014-Oct-28 13:15:12.659,[MB-1403254739, TZBRB, 255763210278],null,187 ms, 0ms,

2014-Oct-28 13:15:15.171,[MB-1403254739, TZBRB, 255763210278],null,78 ms, 0ms,

2014-Oct-28 13:15:18.712,[MB-1403254739, TZBRB, 255763210278],null,62 ms, 0ms,

2014-Oct-28 13:15:20.537,[MB-1403254739, TZBRB, 255763210278],null,62 ms, 0ms,

2014-Oct-28 13:15:23.111,[MB-1403254739, TZBRB, 255763210278],null,62 ms, 0ms,

2014-Oct-28 13:15:26.060,[MB-1403254739, TZBRB, 255763210278],null,63 ms, 0ms,

2014-Oct-28 13:18:36.848,[MB-1403254739, TZBRB, 255763210278],null,624 ms, 0ms,

2014-Oct-28 13:18:39.250,[MB-1403254739, TZBRB, 255763210278],null,62 ms, 0ms,

2014-Oct-28 13:18:40.841,[MB-1403254739, TZBRB, 255763210278],null,62 ms, 0ms,

2014-Oct-28 13:18:43.649,[MB-1403254739, TZBRB, 255763210278],null,62 ms, 0ms,

2014-Oct-28 13:19:10.216,[MB-1403254739, TZBRB, 255763210278],null,62 ms, 0ms,

2014-Oct-28 13:19:23.414,[MB-1403254739, TZBRB, 255763210278],null,63 ms, 0ms,

2014-Oct-28 13:19:26.534,[MB-1403254739, TZBRB, 255763210278],null,281 ms, 0ms,

2014-Oct-28 13:19:26.814,[MB-1403254739, TZBRB, 255763210278],null,46 ms, 0ms,

2014-Oct-28 13:19:29.186,[MB-1403254739, TZBRB, 255763210278],null,63 ms, 0ms,

2014-Oct-28 13:19:33.460,[MB-1403254739, TZBRB, 255763210278],null,499 ms, 0ms,

2014-Oct-28 13:19:35.488,[MB-1403254739, TZBRB, 255763210278],null,78 ms, 0ms,

2014-Oct-28 13:19:38.218,[MB-1403254739, TZBRB, 255763210278],null,62 ms, 0ms,

2014-Oct-28 13:19:41.759,[MB-1403254739, TZBRB, 255763210278],null,47 ms, 0ms,

2014-Oct-28 14:07:05.456,[MB972775025, TZBRB, 180002581],OP0214,SUCCESS,00000,3495 ms, 3120ms, RetrieveIndividualCustAndAcctBasicDetails,Success,2137ms.,21414485422227,;RetrieveCustomerQuestionnaire,Success,983ms.,21414485422227,;

2014-Oct-28 14:07:14.878,[MB972775025, TZBRB, 180002581],OP0214,SUCCESS,00000,4789 ms, 2994ms, VerifyPin,Error,1638ms.,61414485430167,08729,CRYPTO,1,Validation failed,61414485430167,;RetrieveIndividualCustAndAcctBasicDetails,Success,1060ms.,81414485433459,;RetrieveCustomerQuestionnaire,Success,296ms.,81414485433459,;

2014-Oct-28 14:09:02.393,[MB972775025, TZBRB, 180002581],OP0202,SUCCESS,00000,25084 ms, 11480ms, VerifyPin,Success,2465ms.,51414485517808,;RetrieveIndividualCustAndAcctBasicDetails,Success,1029ms.,91414485520319,;RetrieveIndividualCustBySCVID,Success,1123ms.,91414485520319,;RetrieveIndividualCustAndAcctBasicDetails,Success,998ms.,71414485525218,;RetrieveIndividualCustAcctList,Success,5865ms.,71414485525218,;

2014-Oct-28 14:09:02.955,[MB-13706909, TZBRB, 180002581],OP0214,SUCCESS,00000,2028 ms, 1701ms, RetrieveIndividualCustAndAcctBasicDetails,Success,1373ms.,21414485541192,;RetrieveCustomerQuestionnaire,Success,328ms.,21414485541192,;

2014-Oct-28 14:09:03.189,[MB-13706909, TZBRB, 180002581],null,47 ms, 0ms,

2014-Oct-28 14:09:15.029,[MB-13706909, TZBRB, 180002581],OP0202,SUCCESS,00000,5865 ms, 5164ms, VerifyPin,Success,1373ms.,41414485549226,;RetrieveIndividualCustAndAcctBasicDetails,Success,1076ms.,91414485550895,;RetrieveIndividualCustBySCVID,Success,874ms.,91414485550895,;RetrieveIndividualCustAndAcctBasicDetails,Success,983ms.,21414485553095,;RetrieveIndividualCustAcctList,Success,858ms.,21414485553095,;

2014-Oct-28 14:09:17.963,[MB-13706909, TZBRB, 180002581],null,239 ms, 0ms,

2014-Oct-28 14:09:19.798,[MB-13706909, TZBRB, 180002581],OP0214,SUCCESS,00000,63 ms, 0ms,

2014-Oct-28 14:09:21.779,[MB-13706909, TZBRB, 180002581],OP0202,SUCCESS,00000,47 ms, 0ms,

2014-Oct-28 14:09:32.293,[MB-13706909, TZBRB, 180002581],OP0301,SUCCESS,00000,8658 ms, 4120ms, RetrieveIndividualCustAndAcctBasicDetails,Success,1108ms.,61414485563698,;RetrieveIndividualCustAcctList,Success,796ms.,61414485563698,;RetrieveCASAAcctDetails,Success,780ms.,61414485563698,;RetrieveCASAAcctTransactionActivity,Success,1436ms.,61414485563698,;

2014-Oct-28 14:09:35.101,[MB-13706909, TZBRB, 180002581],null,78 ms, 0ms,

2014-Oct-28 14:09:37.909,[MB-13706909, TZBRB, 180002581],OP0214,SUCCESS,00000,62 ms, 0ms,

2014-Oct-28 14:09:50.826,[MB-13706909, TZBRB, 180002581],OP0600,SUCCESS,00000,8440 ms, 4835ms, RetrieveIndividualCustAndAcctBasicDetails,Success,998ms.,11414485582433-1,;RetrieveIndividualCustAcctList,Success,827ms.,11414485582433-1,;RetrieveIndividualCustBeneficiaryList,Success,3010ms.,11414485582433-1,;

2014-Oct-28 14:09:53.712,[MB-13706909, TZBRB, 180002581],null,62 ms, 0ms,

2014-Oct-28 14:10:06.613,[MB-13706909, TZBRB, 180002581],OP0601,SUCCESS,00000,8658 ms, 6942ms, RetrieveOrganizationBeneficiaryDetails,Success,1997ms.,11414485582433-2,;RetrieveIndividualCustAndAcctBasicDetails,Success,2043ms.,11414485582433-2,;RetrieveIndividualCustAcctList,Success,1186ms.,11414485582433-2,;RetrieveIndividualCustAndAcctBasicDetails,Success,936ms.,11414485582433-2,;RetrieveIndividualCustAcctList,Success,780ms.,11414485582433-2,;

2014-Oct-28 14:10:13.586,[MB-13706909, TZBRB, 180002581],OP0602,ERROR,BPY00614,3104 ms, 2215ms, RetrieveIndividualCustAndAcctBasicDetails,Success,1295ms.,11414485582433-3,;RetrieveIndividualCustAcctList,Success,920ms.,11414485582433-3,;

2014-Oct-28 14:10:24.023,[MB-13706909, TZBRB, 180002581],OP0601,SUCCESS,00000,6053 ms, 4603ms, RetrieveOrganizationBeneficiaryDetails,Success,889ms.,11414485582433-4,;RetrieveIndividualCustAndAcctBasicDetails,Success,999ms.,11414485582433-4,;RetrieveIndividualCustAcctList,Success,827ms.,11414485582433-4,;RetrieveIndividualCustAndAcctBasicDetails,Success,1217ms.,11414485582433-4,;RetrieveIndividualCustAcctList,Success,671ms.,11414485582433-4,;

2014-Oct-28 14:10:26.924,[MB-13706909, TZBRB, 180002581],OP0600,SUCCESS,00000,171 ms, 0ms,

2014-Oct-28 14:10:37.969,[MB-13706909, TZBRB, 180002581],OP0601,SUCCESS,00000,5803 ms, 4351ms, RetrieveOrganizationBeneficiaryDetails,Success,827ms.,11414485582433-5,;RetrieveIndividualCustAndAcctBasicDetails,Success,1139ms.,11414485582433-5,;RetrieveIndividualCustAcctList,Success,639ms.,11414485582433-5,;RetrieveIndividualCustAndAcctBasicDetails,Success,998ms.,11414485582433-5,;RetrieveIndividualCustAcctList,Success,748ms.,11414485582433-5,;

2014-Oct-28 14:10:43.211,[MB-13706909, TZBRB, 180002581],OP0602,ERROR,BPY00614,2839 ms, 2528ms, RetrieveIndividualCustAndAcctBasicDetails,Success,1670ms.,11414485582433-6,;RetrieveIndividualCustAcctList,Success,858ms.,11414485582433-6,;

2014-Oct-28 14:10:52.384,[MB-13706909, TZBRB, 180002581],OP0601,SUCCESS,00000,5679 ms, 4197ms, RetrieveOrganizationBeneficiaryDetails,Success,608ms.,11414485582433-7,;RetrieveIndividualCustAndAcctBasicDetails,Success,1030ms.,11414485582433-7,;RetrieveIndividualCustAcctList,Success,718ms.,11414485582433-7,;RetrieveIndividualCustAndAcctBasicDetails,Success,1061ms.,11414485582433-7,;RetrieveIndividualCustAcctList,Success,780ms.,11414485582433-7,;

2014-Oct-28 14:19:47.653,[MB-13706909, TZBRB, 180002581],null,312 ms, 0ms,

2014-Oct-28 14:19:51.007,[MB-13706909, TZBRB, 180002581],OP0600,ERROR,BMB90004,765 ms, 16ms, ,Error,16ms.,soapenv:Server.generalException - BEM TIMEOUT,,,,,,41414486190305-1,;

2014-Oct-28 14:19:54.220,[MB-13706909, TZBRB, 180002581],OP0601,SUCCESS,00000,62 ms, 0ms,

2014-Oct-28 14:19:57.044,[MB-13706909, TZBRB, 180002581],OP0600,SUCCESS,00000,47 ms, 0ms,

2014-Oct-28 14:19:59.462,[MB-13706909, TZBRB, 180002581],null,63 ms, 0ms,

2014-Oct-28 14:20:06.092,[MB-13706909, TZBRB, 180002581],OP0301,SUCCESS,00000,4290 ms, 4134ms, RetrieveIndividualCustAndAcctBasicDetails,Success,1607ms.,41414486190305,;RetrieveIndividualCustAcctList,Success,1388ms.,41414486190305,;RetrieveCASAAcctDetails,Success,265ms.,41414486190305,;RetrieveCASAAcctTransactionActivity,Success,874ms.,41414486190305,;

2014-Oct-28 14:20:15.998,[MB-13706909, TZBRB, 180002581],OP0601,SUCCESS,00000,78 ms, 0ms,

2014-Oct-28 14:20:21.754,[MB-13706909, TZBRB, 180002581],OP0301,SUCCESS,00000,3135 ms, 2995ms, RetrieveIndividualCustAndAcctBasicDetails,Success,1060ms.,91414486218681,;RetrieveIndividualCustAcctList,Success,936ms.,91414486218681,;RetrieveCASAAcctDetails,Success,406ms.,91414486218681,;RetrieveCASAAcctTransactionActivity,Success,593ms.,91414486218681,;

2014-Oct-28 14:20:28.025,[MB-13706909, TZBRB, 180002581],OP0301,SUCCESS,00000,514 ms, 0ms,

2014-Oct-28 14:20:31.473,[MB-13706909, TZBRB, 180002581],null,78 ms, 0ms,

2014-Oct-28 14:20:34.796,[MB-13706909, TZBRB, 180002581],OP0202,SUCCESS,00000,63 ms, 0ms,

2014-Oct-28 14:31:36.003,[MB-13706909, TZBRB, 180002581],OP0202,SUCCESS,00000,234 ms, 0ms,

2014-Oct-28 14:31:50.667,[MB-13706909, TZBRB, 180002581],OP0500,ERROR,BMB99999,3900 ms, 16ms, ,Error,16ms.,soapenv:Server.generalException - BEM TIMEOUT,,,,,,21414486906813-1,;

2014-Oct-28 14:31:50.760,[MB-13706909, TZBRB, 180002581],OP0301,SUCCESS,00000,47 ms, 0ms,

2014-Oct-28 14:31:54.364,[MB-13706909, TZBRB, 180002581],OP0301,SUCCESS,00000,63 ms, 0ms,

