ID,Transaction_ID,Time_Stamp,ServiceId,ConsumerRefNo,CategoryId,Response,Service_Time,BemError,Host,PP_Error_Code,PP_Error_Desc
1,02062015_1,2015-May-01 00:32:27.997,RetrieveIndividualCustAndAcctBasicDetails,11430436746456,,Success,1036,,,,
2,02062015_1,2015-May-01 00:32:27.997,RetrieveCustomerQuestionnaire,11430436746456,,Success,218,,,,
3,02062015_2,2015-May-01 00:32:46.925,VerifyPin,91430436758927,,Success,1017,,,,
4,02062015_2,2015-May-01 00:32:46.925,RetrieveIndividualCustAndAcctBasicDetails,11430436759995,,Success,333,,,,
5,02062015_2,2015-May-01 00:32:46.925,RetrieveIndividualCustBySCVID,11430436759995,,Success,212,,,,
6,02062015_2,2015-May-01 00:32:46.925,RetrieveIndividualCustAndAcctBasicDetails,91430436760589,,Success,389,,,,
7,02062015_2,2015-May-01 00:32:46.925,RetrieveIndividualCustAcctList,91430436760589,,Success,5815,,,,
8,02062015_4,2015-May-01 00:33:35.479,RetrieveIndividualCustAndAcctBasicDetails,21430436814589,,Success,540,,,,
