Transaction_ID,Time_Stamp,Session_Id,Business_ID,Mobile_Number,Opcode,Response,Respose_Code,SHM_Response_Time,BEM_Response_Time
02062015_1,2015-May-01 00:32:27.997,[MB1126291802, TZBRB,8a038f3a79e229aff2623604d8487afc,OP0214,SUCCESS,00000,1644 , 1254
02062015_2,2015-May-01 00:32:46.925,[MB1126291802, TZBRB,8a038f3a79e229aff2623604d8487afc,OP0202,SUCCESS,00000,8020 , 7766
02062015_3,2015-May-01 00:33:29.286,[MB1126291802, TZBRB,8a038f3a79e229aff2623604d8487afc,null,,,47 , 0
02062015_4,2015-May-01 00:33:35.479,[MB1409792252, TZBRB,cbf350d320614731fdfc4f5fd396d976,OP0214,SUCCESS,00000,919 , 773
02062015_5,2015-May-01 00:33:47.851,[MB1409792252, TZBRB,cbf350d320614731fdfc4f5fd396d976,OP0202,SUCCESS,00000,4083 , 3826
02062015_6,2015-May-01 00:34:25.444,[MB1409792252, TZBRB,cbf350d320614731fdfc4f5fd396d976,null,,,65 , 0
02062015_7,2015-May-01 02:25:34.334,[MB1656775000, TZBRB,e1208cd455f4cf6a2e7972466f6e82a2,OP0214,SUCCESS,00000,2326 , 2032
02062015_8,2015-May-01 02:25:46.154,[MB1656775000, TZBRB,e1208cd455f4cf6a2e7972466f6e82a2,OP0202,SUCCESS,00000,4612 , 4391
02062015_9,2015-May-01 03:42:27.473,[MB991809923, TZBRB,1d1a6995dd3e05b4e48c07d89d811d66,OP0214,SUCCESS,00000,922 , 679
