BMGCALLNTREQ,View FD
OP0109,Login
OP0202,Login
OP0112,Change Pin
OP0113,Lang Pref
OP0115,Two Factor Verify
OP0117,Self Reg
OP0301,Bal Enq Main Acc
OP0401,Mini Statement Main Acc
OP0523,External Bank Account Fund Tx
OP0570,Oth Barc Fund Tx UnRegistered
OP0601,View Billers
OP0613,RegisterBillers
OP0640,DeleteBillers
OP0642,Register Beneficiery
OP0644,ViewLastPaidBills
OP0912,StatementRequest
OP1236,Apply FD
OP0214,Application Accessed
OP0582,Cash Send
OP0903,cheque book request
OP0502,fund Transfer within barclays
OP1011,Edit Beneficiery
