<?xml version="1.0" encoding="UTF-8"?>
<beans xmlns="http://www.springframework.org/schema/beans"
	xmlns:xsi="http://www.w3.org/2001/XMLSchema-instance" xmlns:context="http://www.springframework.org/schema/context"
	xmlns:p="http://www.springframework.org/schema/p"
	xsi:schemaLocation="http://www.springframework.org/schema/beans
    http://www.springframework.org/schema/beans/spring-beans-3.0.xsd
    http://www.springframework.org/schema/context
    http://www.springframework.org/schema/context/spring-context-3.0.xsd">
	<context:property-placeholder
		location="classpath:log-graph-task-config.properties" />

	<bean id="monitorList" class="java.util.ArrayList">
		<constructor-arg>
			<list>
				<ref bean="7P_logGraphMonitor" />


				<ref bean="8P_logGraphMonitor" />
				<ref bean="9P_logGraphMonitor" />

				<!--
					<ref bean="nft_logFileMonitor" />
				-->
			</list>
		</constructor-arg>
	</bean>

	<bean id="7P_logGraphMonitor" class="com.barclays.bmg.log.graphs.FtpTestClient">

		<constructor-arg index="0" value="${server}" />
		<constructor-arg index="0" value="${username}" />
		<constructor-arg index="0" value="${password}" />
		<constructor-arg index="0" value="${7pfolder}" />
		<constructor-arg index="0" ref="fileRegExp" />

	</bean>

	<bean id="8P_logGraphMonitor" class="com.barclays.bmg.log.graphs.FtpTestClient">
		<constructor-arg index="0" ref="sit_SoapLogFileWatch" />
		<constructor-arg index="1"
			value="email-sender/Email_Macro_Caller-Template.vbs" />
		<constructor-arg index="2" value="email-sender/Outbox/" />
	</bean>

	<bean id="9P_logGraphMonitor" class="com.barclays.bmg.log.graphs.FtpTestClient">
		<constructor-arg index="0" ref="sit_SoapLogFileWatch" />
		<constructor-arg index="1"
			value="email-sender/Email_Macro_Caller-Template.vbs" />
		<constructor-arg index="2" value="email-sender/Outbox/" />
	</bean>


	<bean id="fileRegExp" class="com.barclays.bmg.pojo.FileRegExpression"
		p:environmentName="SIT">
		<constructor-arg index="0" value="SOAP-Logs" />
		<constructor-arg index="1" value="${LogMonitor.SIT.SOAPLogURL}" />
		<constructor-arg index="2"
			value="${LogMonitor.Log.timestamp.pattern}" />
		<constructor-arg index="3">
			<list>
				<ref bean="bemEventWatch" />
				<ref bean="bemEventWatch2" />
				<ref bean="cryptoEventWatch" />
				<ref bean="mceEventWatch1" />
				<ref bean="mceEventWatch2" />
				<!--<ref bean="FCREventWatch" />
				-->
				<ref bean="eBoxBrainsEventWatch" />
				<ref bean="eBoxBrainsEventWatch1" />

				<!--<ref bean="bmgEventWatch" />
				-->
				<ref bean="selcomEventWatch" />
				<ref bean="selcomEventWatch1" />
				<ref bean="generalEventWatch" />
			</list>
		</constructor-arg>
	</bean>

	<bean id="uat_SoapLogFileWatch" class="com.barclays.log.monitoring.LogFileWatch"
		p:environmentName="UAT">
		<constructor-arg index="0" value="SOAP-Logs" />
		<constructor-arg index="1" value="${LogMonitor.UAT.SOAPLogURL}" />
		<constructor-arg index="2"
			value="${LogMonitor.Log.timestamp.pattern}" />
		<constructor-arg index="3">
			<list>
				<ref bean="bemEventWatch" />
				<ref bean="bemEventWatch2" />
				<ref bean="cryptoEventWatch" />
				<ref bean="mceEventWatch1" />
				<ref bean="mceEventWatch2" />
				<!--<ref bean="FCREventWatch" />
				-->
				<ref bean="eBoxBrainsEventWatch" />
				<ref bean="eBoxBrainsEventWatch1" />
				<!--<ref bean="bmgEventWatch" />
				-->
				<ref bean="selcomEventWatch" />
				<ref bean="generalEventWatch" />
			</list>
		</constructor-arg>
	</bean>
	<bean id="cit_SoapLogFileWatch" class="com.barclays.log.monitoring.LogFileWatch"
		p:environmentName="CIT">
		<constructor-arg index="0" value="SOAP-Logs" />
		<constructor-arg index="1" value="${LogMonitor.CIT.SOAPLogURL}" />
		<constructor-arg index="2"
			value="${LogMonitor.Log.timestamp.pattern}" />
		<constructor-arg index="3">
			<list>
				<ref bean="bemEventWatch" />
				<ref bean="bemEventWatch2" />
				<ref bean="mceEventWatch1" />
				<ref bean="mceEventWatch2" />
				<!--<ref bean="FCREventWatch" />
				-->
				<ref bean="cryptoEventWatch" />
				<ref bean="eBoxBrainsEventWatch" />
				<ref bean="eBoxBrainsEventWatch1" />
				<ref bean="generalEventWatch" />
				<!--<ref bean="bmgEventWatch" />
			-->
			</list>
		</constructor-arg>
	</bean>

	<bean id="generalEventWatch" class="com.barclays.log.monitoring.EventWatch">
		<constructor-arg index="0" value="General-Downtime-Watch" />
		<constructor-arg index="1" value="20" />
		<constructor-arg index="2">
			<array value-type="java.lang.String">
				<value>faultcode&#62;Server</value>
				<value>faultstring&#62;User generated exception</value>
			</array>
		</constructor-arg>
		<constructor-arg index="3" ref="GeneralEmailMessage" />
	</bean>

	<bean id="bemEventWatch" class="com.barclays.log.monitoring.EventWatch">
		<constructor-arg index="0" value="BEM-Downtime-Watch" />
		<constructor-arg index="1" value="20" />
		<constructor-arg index="2">
			<array value-type="java.lang.String">
				<value>TCVM00010</value>
				<value>faultcode&#62;soapenv:Server.generalException</value>
			</array>
		</constructor-arg>
		<constructor-arg index="3" ref="bemEmailMessage" />
	</bean>


<bean id="bemEventWatch2" class="com.barclays.log.monitoring.EventWatch">
		<constructor-arg index="0" value="BEM-Downtime-Watch" />
		<constructor-arg index="1" value="20" />
		<constructor-arg index="2">
			<array value-type="java.lang.String">
				<value>ErrorDesc&#62;Unknown Exception&#60;</value>
				<value>&#60;Source xsi:nil="true"&#47;&#62;</value>
			</array>
		</constructor-arg>
		<constructor-arg index="3" ref="bemEmailMessage" />
	</bean>

	<bean id="cryptoEventWatch" class="com.barclays.log.monitoring.EventWatch">
		<constructor-arg index="0" value="Crypto-Downtime-Watch" />
		<constructor-arg index="1" value="20" />
		<constructor-arg index="2">
			<array value-type="java.lang.String">
				<value>&#62;08759&#60;</value>
			</array>
		</constructor-arg>
		<constructor-arg index="3">
			<array value-type="java.lang.String">
				<value>&#62;08732&#60;</value>
				<value>&#62;08771&#60;</value>
				<value>&#62;08774&#60;</value>
				<value>&#62;08780&#60;</value>
				<value>&#62;08782&#60;</value>
				<value>&#62;08759&#60;</value>
			</array>
		</constructor-arg>
	<constructor-arg index="4" ref="cryptoEmailMessage" />
	</bean>

	<bean id="mceEventWatch1" class="com.barclays.log.monitoring.EventWatch">
		<constructor-arg index="0" value="MCE-Downtime-Watch" />
		<constructor-arg index="1" value="20" />
		<constructor-arg index="2">
			<array value-type="java.lang.String">
				<value>&#62;07544&#60;</value>
			</array>
		</constructor-arg>
		<constructor-arg index="3">
			<array value-type="java.lang.String">

		<value>&#62;7553&#60;</value>
 		<value>&#62;7554&#60;</value>
 		<value>&#62;7561&#60;</value>
 		<value>&#62;7566&#60;</value>
 		<value>&#62;7582&#60;</value>
 		<value>&#62;7583&#60;</value>
 		<value>&#62;7584&#60;</value>
		 <value>&#62;7585&#60;</value>
		 <value>&#62;7586&#60;</value>
		 <value>&#62;7587&#60;</value>
		 <value>&#62;7588&#60;</value>
		 <value>&#62;7596&#60;</value>
		 <value>&#62;7597&#60;</value>
		 <value>&#62;7600&#60;</value>
		 <value>&#62;7603&#60;</value>
		 <value>&#62;7604&#60;</value>
		 <value>&#62;7605&#60;</value>
		 <value>&#62;07199&#60;</value>
		 <value>&#62;06655&#60;</value>
		 <value>&#62;06662&#60;</value>
		 <value>&#62;06663&#60;</value>
		 <value>&#62;06666&#60;</value>
		 <value>&#62;06667&#60;</value>
		 <value>&#62;7607&#60;</value>
		 <value>&#62;7610&#60;</value>
		 <value>&#62;07590&#60;</value>
		 <value>&#62;07591&#60;</value><!--
		 <value>&#62;06002&#60;</value>
		 --><value>&#62;07634&#60;</value>
		 <value>&#62;07636&#60;</value>
		 <value>wicd.wload.global :: 21037 :: &#47;MCEServiceWS</value>

			</array>
		</constructor-arg>

		<constructor-arg index="4" ref="mceEmailMessage" />
	</bean>

	<bean id="mceEventWatch2" class="com.barclays.log.monitoring.EventWatch">
		<constructor-arg index="0" value="MCE-Downtime-Watch" />
		<constructor-arg index="1" value="20" />
		<constructor-arg index="2">
			<array value-type="java.lang.String">
			         <value>&#62;06001&#60;</value>
					<value>Source&#62;MCE&#60;</value>


			</array>
		</constructor-arg>

		<constructor-arg index="3" ref="mceEmailMessage" />
	</bean>

	<bean id="eBoxBrainsEventWatch" class="com.barclays.log.monitoring.EventWatch">
		<constructor-arg index="0" value="eBOX-BRAINS-Downtime-Watch" />
		<constructor-arg index="1" value="20" />
		<constructor-arg index="2">
			<array value-type="java.lang.String">
				<!--<value>Source&#62;EBOX&#60;</value>
				 --><value>&#62;7508&#60;</value>
			</array>
		</constructor-arg>
		<constructor-arg index="3">
			<array value-type="java.lang.String">
				  <value>&#62;7505&#60;</value>
				 <value>&#62;7508&#60;</value>
				 <value>&#62;7539&#60;</value>
				 <value>&#62;7540&#60;</value>
				 <value>&#62;06112&#60;</value>
				 <value>&#62;06113&#60;</value>
				 <value>&#62;06116&#60;</value>
				 <value>&#62;06118&#60;</value>
				 <value>&#62;06119&#60;</value>
				 <value>&#62;06122&#60;</value>
				 <value>&#62;06124&#60;</value>
				 <value>&#62;06125&#60;</value>
				 <value>&#62;06128&#60;</value>
				 <value>&#62;7639&#60;</value>
				 <value>&#62;06129&#60;</value>
				 <value>&#62;06130&#60;</value>
				<value>35.54.116.69 :: 443 ::&#47;eboxService&#47;Message</value>

			</array>
		</constructor-arg>
		<constructor-arg index="4" ref="eBoxBrainsEmailMessage" />
	</bean>


  <bean id="eBoxBrainsEventWatch1" class="com.barclays.log.monitoring.EventWatch">
		<constructor-arg index="0" value="eBOX-BRAINS-Downtime-Watch" />
		<constructor-arg index="1" value="20" />
		<constructor-arg index="2">
			<array value-type="java.lang.String">
			         <value>&#62;06002&#60;</value>
					<value>Source&#62;EBOX&#60;</value>
		   </array>
		</constructor-arg>

		<constructor-arg index="3" ref="eBoxBrainsEmailMessage" />
	</bean>


	<bean id="selcomEventWatch" class="com.barclays.log.monitoring.EventWatch">
		<constructor-arg index="0" value="Selcom-Downtime-Watch" />
		<constructor-arg index="1" value="20" />
		<constructor-arg index="2">
			<array value-type="java.lang.String">
				<value>&#62;08616&#60;</value>
			</array>
		</constructor-arg>
		<constructor-arg index="3">
			<array value-type="java.lang.String">
				<!--<value>Source&#62;SELCOM&#60;</value>
				--> <value>&#62;08864&#60;</value>
				 <value>&#62;08867&#60;</value>
				 <value>&#62;08868&#60;</value>
				 <value>&#62;08874&#60;</value>
				 <value>&#62;08604&#60;</value>
				 <value>&#62;08609&#60;</value>
				 <value>&#62;08612&#60;</value>
				 <value>&#62;08613&#60;</value>
				 <value>&#62;08614&#60;</value>
				 <value>&#62;08616&#60;</value>
				 <value>&#62;08617&#60;</value>
				 <value>&#62;08622&#60;</value>
				 <value>&#62;08624&#60;</value>
				 <value>&#62;08626&#60;</value>
				 <value>&#62;08628&#60;</value>
				 <value>&#62;08636&#60;</value>
				 <value>&#62;08640&#60;</value>
				 <value>&#62;08642&#60;</value>
				 <value>&#62;08648&#60;</value>
				 <value>&#62;08893&#60;</value>
				 <value>&#62;08890&#60;</value>
				 <value>&#62;08887&#60;</value>


			</array>
		</constructor-arg>
		<constructor-arg index="4" ref="selcomEmailMessage" />
	</bean>

	 <bean id="selcomEventWatch1" class="com.barclays.log.monitoring.EventWatch">
		<constructor-arg index="0" value="Selcom-Downtime-Watch" />
		<constructor-arg index="1" value="20" />
		<constructor-arg index="2">
			<array value-type="java.lang.String">
			         <value>&#62;06002&#60;</value>
					<value>Source&#62;SELCOM&#60;</value>
		   </array>
		</constructor-arg>

		<constructor-arg index="3" ref="selcomEmailMessage" />
	</bean>

	<bean id="bemEmailMessage" class="com.barclays.log.monitoring.EmailMessage" p:toRecipients="${TO_BEM_SPOC}"
		p:ccRecipients="${CC_SHM_DEV_LEADS}; ${CC_BEM_SPOC}" p:bccRecipients="${BCC_SHM_DEV_LEADS}" p:system="BEM" p:importance="High">
	</bean>
	<bean id="cryptoEmailMessage" class="com.barclays.log.monitoring.EmailMessage" p:toRecipients="${TO_Crypto_SPOC}"
		p:ccRecipients="${CC_SHM_DEV_LEADS}; ${CC_Crypto_SPOC}" p:bccRecipients="${BCC_SHM_DEV_LEADS}" p:system="Crypto" p:importance="High">
	</bean>
	<bean id="mceEmailMessage" class="com.barclays.log.monitoring.EmailMessage" p:toRecipients="${TO_MCE_SPOC}"
		p:ccRecipients="${CC_SHM_DEV_LEADS}; ${CC_MCE_SPOC}" p:bccRecipients="${BCC_SHM_DEV_LEADS}" p:system="MCE" p:importance="High">
	</bean>
	<bean id="eBoxBrainsEmailMessage" class="com.barclays.log.monitoring.EmailMessage" p:toRecipients="${TO_eBOX_BRAINS_SPOC}"
		p:ccRecipients="${CC_SHM_DEV_LEADS}; ${CC_eBOX_BRAINS_SPOC}" p:bccRecipients="${BCC_SHM_DEV_LEADS}" p:system="eBOX" p:importance="High">
	</bean>
	<bean id="selcomEmailMessage" class="com.barclays.log.monitoring.EmailMessage" p:toRecipients="${TO_SELCOM_SPOC}"
		p:ccRecipients="${CC_SHM_DEV_LEADS}; ${CC_SELCOM_SPOC}" p:bccRecipients="${BCC_SHM_DEV_LEADS}" p:system="SELCOM" p:importance="High">
	</bean>

   <bean id="GeneralEmailMessage" class="com.barclays.log.monitoring.EmailMessage" p:toRecipients="${TO_SHM_DEV_LEADS}"
		p:ccRecipients="${CC_SHM_DEV_LEADS}" p:bccRecipients="${BCC_SHM_DEV_LEADS}" p:system="GENERAL" p:importance="High">
	</bean>

	<!--	<bean id="FCREventWatch" class="com.barclays.log.monitoring.EventWatch">-->
<!--		<constructor-arg index="0" value="BRAINS-Downtime-Watch" />-->
<!--		<constructor-arg index="1" value="60" />-->
<!--		<constructor-arg index="2">-->
<!--			<array value-type="java.lang.String">-->
<!--				<value>&#62;07540&#60;</value>-->
<!--			</array>-->
<!--		</constructor-arg>-->
<!--		<constructor-arg index="3">-->
<!--			<array value-type="java.lang.String">-->
<!--				<value>&#62;07540&#60;</value>-->
<!--				<value>&#62;07541&#60;</value>-->
<!--				<value>&#62;07542&#60;</value>-->
<!--			</array>-->
<!--		</constructor-arg>-->
<!--		<constructor-arg index="4" ref="FCREmailMessage" />-->
<!--	</bean>-->

<!--	<bean id="FCREmailMessage" class="com.barclays.log.monitoring.EmailMessage" p:toRecipients="${TO_FCR_SPOC}"-->
<!--		p:ccRecipients="${CC_SHM_DEV_LEADS}; ${CC_FCR_SPOC}" p:bccRecipients="${BCC_SHM_DEV_LEADS}" p:system="BRAINS" p:importance="High">-->
<!--	</bean>-->
</beans>