<?xml version="1.0" encoding="UTF-8"?>
    <beans xmlns="http://www.springframework.org/schema/beans"
        xmlns:xsi="http://www.w3.org/2001/XMLSchema-instance"
        xmlns:context="http://www.springframework.org/schema/context"
		xmlns:mvc="http://www.springframework.org/schema/mvc"
        xmlns:tx="http://www.springframework.org/schema/tx"
        xsi:schemaLocation="
    http://www.springframework.org/schema/beans
    http://www.springframework.org/schema/beans/spring-beans-3.0.xsd
    http://www.springframework.org/schema/context
    http://www.springframework.org/schema/context/spring-context-3.0.xsd
	http://www.springframework.org/schema/mvc
    http://www.springframework.org/schema/mvc/spring-mvc-3.0.xsd
    http://www.springframework.org/schema/tx
    http://www.springframework.org/schema/tx/spring-tx-3.0.xsd">

    <context:property-placeholder location="classpath:jdbc.properties" />
    <context:component-scan base-package="com.logmanager" />

    <tx:annotation-driven transaction-manager="hibernateTransactionManager" />

    <bean id="viewResolver" class="org.springframework.web.servlet.view.InternalResourceViewResolver">
    <property name="viewClass" value="org.springframework.web.servlet.view.JstlView" />

   </bean>

   <mvc:resources mapping="/resources/**" location="/resources/" />
    <bean  class="org.springframework.web.servlet.mvc.annotation.AnnotationMethodHandlerAdapter" />
    <bean class="org.springframework.web.servlet.mvc.annotation.DefaultAnnotationHandlerMapping">
 </bean>


  <bean id="timeAudit" class="com.logmanager.pojo.TimeAudit"/>
  <bean id="OpcodeServiceMapping" class="com.logmanager.pojo.OpcodeServiceMapping"/>
 <bean id="serviceBreakup" class="com.logmanager.pojo.ServiceBreakup"/>
  <bean id="logManagerService" class="com.logmanager.service.LogManagerServiceImpl"/>
  <bean id="fileUtility" class="com.logmanager.pojo.FileUtility"/>


 <bean id="hibernateTransactionManager"
            class="org.springframework.orm.hibernate3.HibernateTransactionManager">
            <property name="sessionFactory" ref="sessionFactory" />
    </bean>

  <bean id="sessionFactory"
            class="org.springframework.orm.hibernate3.annotation.AnnotationSessionFactoryBean">
           <property name="dataSource" ref="dataSource" />
            <property name="annotatedClasses">
                <list>
                    <value>com.logmanager.pojo.TimeAudit</value>
                     <value>com.logmanager.pojo.ServiceBreakup</value>
                      <value>com.logmanager.pojo.OpcodeServiceMapping</value>

                </list>
            </property>
            <property name="hibernateProperties">

                <props>
                    <prop key="hibernate.dialect">${hibernate.dialect}</prop>
                    <prop key="hibernate.show_sql">${hibernate.show_sql}</prop>
                    <prop key="hibernate.order_inserts">${hibernate.order_inserts}</prop>
                     <prop key="hibernate.format_sql">${hibernate.format_sql}</prop>
                     <prop key="hibernate.hbm2ddl.auto">${hibernate.hbm2ddl.auto}</prop>


                </props>
            </property>
        </bean>

 <bean id="dataSource"
            class="org.springframework.jdbc.datasource.DriverManagerDataSource">
            <property name="driverClassName" value="${database.driver}" />
            <property name="url" value="${database.url}" />
            <property name="username" value="${database.user}" />
            <property name="password" value="${database.password}" />
     </bean>

 </beans>
